,userHref
0,/mildredsfierce/
1,/theendofcinema/
2,/seahorseronan/
3,/m__ollymac/
4,/marianjune/
5,/justindecloux/
6,/jurassicstark/
7,/incomingmail/
8,/funeralroses/
9,/campbart/
10,/vontrapp/
11,/sarahlovett/
12,/mardarrius/
13,/todd_gaines/
14,/mr_dulac/
15,/theriverjordan/
16,/jaimerebanal/
17,/truman/
18,/traintobusan/
19,/jbouie/
20,/clairacurtis/
21,/dirkbogarde/
22,/paulswhtn/
23,/jakeperalta/
24,/rudimh/
25,/itsnacool/
26,/taylorfilmguy/
27,/moviesrtherapy/
28,/dahans/
29,/jameskl/
30,/mildredsfierce/
31,/theendofcinema/
32,/seahorseronan/
33,/m__ollymac/
34,/marianjune/
35,/justindecloux/
36,/jurassicstark/
37,/incomingmail/
38,/funeralroses/
39,/campbart/
40,/vontrapp/
41,/sarahlovett/
42,/mardarrius/
43,/todd_gaines/
44,/mr_dulac/
45,/theriverjordan/
46,/jaimerebanal/
47,/truman/
48,/traintobusan/
49,/jbouie/
50,/clairacurtis/
51,/dirkbogarde/
52,/paulswhtn/
53,/jakeperalta/
54,/rudimh/
55,/itsnacool/
56,/taylorfilmguy/
57,/moviesrtherapy/
58,/dahans/
59,/jameskl/
60,/blackswannss/
61,/subsahaaron/
62,/reservoirdvgs/
63,/rendyjones/
64,/indiasfilms/
65,/sarahabob/
66,/theblackphillip/
67,/jah776/
68,/hooviesmovies/
69,/samvanhallgren/
70,/oliviahockey/
71,/tylercwhitmore/
72,/caityperrie/
73,/josiahmorgan11/
74,/gwenlikesfilm/
75,/shutupmikeginn/
76,/harinef/
77,/slig001/
78,/stautis/
79,/dumbsville/
80,/filmsbi/
81,/colintroy/
82,/thejacko/
83,/ryangosling/
84,/vinsim27/
85,/followtheblind/
86,/amandaayoung/
87,/ultimateparker/
88,/angelicajade/
89,/colinandrews/
90,/blackswannss/
91,/subsahaaron/
92,/reservoirdvgs/
93,/rendyjones/
94,/indiasfilms/
95,/sarahabob/
96,/theblackphillip/
97,/jah776/
98,/hooviesmovies/
99,/samvanhallgren/
100,/oliviahockey/
101,/tylercwhitmore/
102,/caityperrie/
103,/josiahmorgan11/
104,/gwenlikesfilm/
105,/shutupmikeginn/
106,/harinef/
107,/slig001/
108,/stautis/
109,/dumbsville/
110,/filmsbi/
111,/colintroy/
112,/thejacko/
113,/ryangosling/
114,/vinsim27/
115,/followtheblind/
116,/amandaayoung/
117,/ultimateparker/
118,/angelicajade/
119,/colinandrews/
120,/lesaladino/
121,/leschroeck/
122,/mank/
123,/drlemon/
124,/zoesmith/
125,/syaoran/
126,/girlactress/
127,/phoebejl/
128,/supremelemon/
129,/benmatthewempey/
130,/cultureshocker/
131,/mariamicia13/
132,/wizardchurch/
133,/justinwuah/
134,/jrwhite/
135,/zachpopereviews/
136,/sarahsquirm/
137,/shrek4underated/
138,/gabbwoo/
139,/colinfirths/
140,/bobbywags/
141,/tediously_brief/
142,/scotttobias/
143,/adrianam/
144,/tuoto/
145,/katiewalshstx/
146,/jimmycthatsme/
147,/flynnslicker/
148,/othavio232/
149,/rosamundpike/
150,/nolanscheetz/
151,/ralfmakesmovies/
152,/hongweikai/
153,/pudgymccabe/
154,/quantumpotpie/
155,/rdaniel55/
156,/naughty/
157,/diogoserafim/
158,/gracespelman/
159,/gremlita/
160,/mi_m0/
161,/missflo/
162,/ahbr/
163,/starrysunflower/
164,/scumbalina/
165,/kennedylizrose/
166,/cilliansheart/
167,/julps2/
168,/advokate/
169,/vegto389/
170,/heyitsvasili/
171,/sakana1/
172,/itsdrewclark/
173,/cameronkanachki/
174,/ashonfilm/
175,/miag0th/
176,/caddicarus/
177,/jupinwhm/
178,/steventhomas/
179,/varghese_no1/
180,/bertz/
181,/nerdkultur/
182,/jarodzsz/
183,/bartonfinked/
184,/jvince/
185,/magnafarta/
186,/timeistheking/
187,/iamthatroby/
188,/cinemaexcelsior/
189,/nadwatches/
190,/whyandre/
191,/timbrayton/
192,/filmexpress/
193,/yeshomo/
194,/doinkdedoink/
195,/realkinoshit/
196,/hbarletto242/
197,/phantasmes/
198,/brofromanother/
199,/gdw/
200,/cvall96/
201,/ashtonkinley/
202,/alexcolemann/
203,/lise/
204,/hamburgersplash/
205,/owenpatnaude/
206,/denduffy/
207,/tobiasandersen2/
208,/eclectic_em/
209,/elliebean/
210,/zombietrex/
211,/axelhagne/
212,/kevin_robbins/
213,/hourtohcur/
214,/sanjunipero/
215,/sarahgriffith/
216,/librafication/
217,/wolvereign/
218,/erich4chi/
219,/movieswithdes/
220,/lonelytree/
221,/jumpy/
222,/rockmarooned/
223,/sonnybunch/
224,/lmr/
225,/owene73/
226,/savannalarge/
227,/ronjasandra/
228,/martinjacob49/
229,/theorollason/
230,/alexfhwilson/
231,/paimonn/
232,/danielzalez/
233,/j__guerrero/
234,/worldwideweb/
235,/blairrussell/
236,/alphonse0/
237,/comedyhipster/
238,/threepenny/
239,/meadforddude/
240,/k1llingfilms/
241,/adamnotsandler/
242,/annaswnsn/
243,/krautsalat/
244,/simononfilm/
245,/eddiemara/
246,/jjram00/
247,/pinheadlarry145/
248,/bdgrabinski/
249,/1godfella/
250,/jason_alley/
251,/vadekawa/
252,/davert22/
253,/laurenbourke/
254,/therealmattc/
255,/noeljpenaflor/
256,/cherprayers/
257,/slim/
258,/lebedev/
259,/dillamonster/
260,/andrewcult/
261,/luca2020/
262,/calvinlaw/
263,/bennash/
264,/elisavetkei/
265,/erinlindsayy/
266,/tedlogan/
267,/fallenallien/
268,/flyawayhome/
269,/rosariodawson/
270,/minick/
271,/patrickpryor/
272,/zuzupan/
273,/ndc32002/
274,/marshayame/
275,/mattybsaps/
276,/s4ppho/
277,/perksofbeingnat/
278,/timozinho/
279,/sufiyana/
280,/lencho_o_t_apes/
281,/maneleeo/
282,/daredvi/
283,/pilot/
284,/mollyy/
285,/furyroad/
286,/alex99hf/
287,/efw/
288,/oldfilmsflicker/
289,/belial_carboni/
290,/lexnovak7/
291,/cjwalsh27/
292,/wesleystenzel/
293,/capitao134/
294,/gainsbourg/
295,/clemaimejuger/
296,/sallydarr/
297,/flaska11/
298,/dylantroesken/
299,/kirstypotter/
300,/filmspotting/
301,/michaelhaneke/
302,/ladieswholunch/
303,/oliviaolive/
304,/voyage1969/
305,/jackstobart/
306,/jamesbong/
307,/oppenmommy/
308,/dialnfornick/
309,/psychopike/
310,/sofiaboutellas/
311,/marcissus/
312,/milkbbi/
313,/alimovieguy726/
314,/patricksproull/
315,/damsavies/
316,/markmooney/
317,/jizzmonkey/
318,/tylot_lantern/
319,/lifeasfiction/
320,/rylanfilms/
321,/tripeazy96/
322,/lifewithnopants/
323,/leahp22/
324,/labuzamovies/
325,/chris_ofdeath/
326,/cinebro/
327,/cinefan27/
328,/philbertdy/
329,/tasharobinson/
330,/filmlovinglucy/
331,/kevincormier/
332,/alanis/
333,/elnapalmo/
334,/ethanves/
335,/deathisland/
336,/jhuang98/
337,/julietburke/
338,/cinemalanguage/
339,/hitopfilms/
340,/faretheewell/
341,/salty_/
342,/mjsays/
343,/joereid/
344,/jehorowitz/
345,/taoa/
346,/cinemonster/
347,/steph_h/
348,/filmcal/
349,/mattmahogany/
350,/b4ileymoore/
351,/theostrichjames/
352,/emammamia/
353,/daveyjenkins/
354,/josecanas/
355,/yorel1976/
356,/chicofireman/
357,/marna/
358,/haroonpaul/
359,/symonymm/
360,/milez/
361,/cathal89/
362,/mjohnson18/
363,/fantic/
364,/bobbyfinger/
365,/ajschlecht/
366,/smogo/
367,/nowhere1997/
368,/zegan/
369,/notannafaris/
370,/bjstreu513/
371,/samkohn/
372,/ptabro/
373,/amyelliot/
374,/greenpatina/
375,/tectactoe/
376,/robertdavid/
377,/loureviews/
378,/denielemein/
379,/damdaaamm/
380,/griffschiller/
381,/emmariguana/
382,/jawclick/
383,/shanderson88/
384,/austin/
385,/henryg9876/
386,/vitaminc1/
387,/fieldmouse/
388,/gilliananderson/
389,/xraybutton/
390,/bellringer11/
391,/popofett/
392,/namelessvero/
393,/farriercollins/
394,/heavenbydjsammy/
395,/geneparmesan/
396,/kylielemaster/
397,/jockrivette/
398,/juliareviewsqc/
399,/londono/
400,/cobbb/
401,/itssofyann/
402,/hibiscus/
403,/mundof/
404,/visionsofgideon/
405,/thelastsith/
406,/samimcknnn/
407,/toddalex86/
408,/frozen2013/
409,/adrianascarpin/
410,/dodi_/
411,/babydriverreal/
412,/vangoth/
413,/ginnyweasley/
414,/bubbleboy/
415,/thisisalexei/
416,/hail_freyr/
417,/feedingbrett/
418,/joshuadysart/
419,/therealmcavoy/
420,/clarajarl/
421,/cammmalot/
422,/etolkin/
423,/nickwibert/
424,/raybean/
425,/sknnysoul/
426,/fcbarcelona/
427,/juliendonkeyboi/
428,/magrosleau/
429,/apple__/
430,/stephenage/
431,/unawarewolf/
432,/jennyslate/
433,/kanye/
434,/riley_danson/
435,/dayaonfilm/
436,/chavrosbaby/
437,/gc11/
438,/alexil/
439,/ksenijab/
440,/mitchell/
441,/hauntedhippie/
442,/benjigotfried/
443,/nickusen/
444,/schlockvalue/
445,/lautengcokj/
446,/ethan_mateo/
447,/kevflixandchill/
448,/aboutlalalala/
449,/harlequinade/
450,/finchet/
451,/fantasticmrjeff/
452,/tylerdoiron/
453,/vernonator6497/
454,/brynnhelena/
455,/skipper_schutt/
456,/nancilwt/
457,/darkestparadise/
458,/laranotzhivago/
459,/ttyllucy/
460,/oh_dae_su/
461,/cinemaniax/
462,/uncutgems/
463,/belledejour/
464,/jacobmazur/
465,/flanmovieman/
466,/molblartmallcop/
467,/trainwrecktim/
468,/happikuy/
469,/ollyswift/
470,/kendallwalsh/
471,/k_parzival/
472,/caleb_yells/
473,/theresebelivets/
474,/stringoflights/
475,/lenn_art/
476,/anna_imhof/
477,/travis_k/
478,/cartoonshi/
479,/andylevy/
480,/worsethan/
481,/punq/
482,/nickmcc2/
483,/man_out_of_time/
484,/kevintporter/
485,/justbrianna/
486,/samthompson22/
487,/cinemonika/
488,/mskiesha/
489,/melodramafilms/
490,/johncassavetes/
491,/hepburnluv/
492,/dawsonejoyce/
493,/spicyboyivy/
494,/grifflightning/
495,/brendanmichaels/
496,/thehandmaiden/
497,/annakendrick/
498,/steele98/
499,/agastak/
500,/morgtionpicture/
501,/natb294/
502,/graceowen/
503,/hectorx/
504,/nibiru_truth/
505,/menzayd/
506,/silentjoe13/
507,/dreamscape40/
508,/popcornideology/
509,/sonnywortzik/
510,/qmoviereviews/
511,/shookone/
512,/justin_peterson/
513,/cevangelista413/
514,/annanomaly/
515,/thejoelynch/
516,/behaind/
517,/pobrecito/
518,/impressionblend/
519,/roberto_/
520,/thomasflight/
521,/annreinking/
522,/hammerbros94/
523,/punchdrunklizzy/
524,/fake_shemp/
525,/theblogosfear/
526,/briantt/
527,/jbird26/
528,/letmeexplain/
529,/jacobknight/
530,/cathyk/
531,/kyloz/
532,/coreywagstaff/
533,/evilbjork/
534,/citizenhal/
535,/timcop/
536,/cobrarocky/
537,/chrisvfeil/
538,/flynnryder/
539,/connoreatspants/
540,/theportman/
541,/reibureibu/
542,/brendohare/
543,/larsenonfilm/
544,/lucyskeet/
545,/sammeltzer/
546,/peterstanley/
547,/ashmatxx/
548,/oliviathebi/
549,/brianformo/
550,/chloeac/
551,/martinisheen/
552,/cineflek/
553,/lastcooldude/
554,/adaydreaming/
555,/kevinyang/
556,/riotglasses/
557,/ceryslovesfilm/
558,/grooveman/
559,/b1mb1m/
560,/breramjit/
561,/cosmonautmarkie/
562,/madihatesfilm/
563,/ddarko42/
564,/simonramshaw/
565,/finnpoe/
566,/elsergiomunoz/
567,/willhollis/
568,/flanaganfilm/
569,/zaragwen/
570,/carleythorne/
571,/mosquitodragon/
572,/gayartkid/
573,/andrerseits/
574,/marialuisacctc/
575,/lubchansky/
576,/bcrosser/
577,/emforce/
578,/querelle/
579,/hanklay/
580,/filmforgetter/
581,/voicelikehoney/
582,/teamgal/
583,/gentryaustin/
584,/dirtgrub/
585,/shutupnabeel/
586,/kyleamato/
587,/nickofdasouth/
588,/hectorportillo/
589,/bethanylola/
590,/moviemaestro/
591,/thediegoandaluz/
592,/peacefulstoner/
593,/aftelle/
594,/mjthornton/
595,/cgrunyon/
596,/misstayleigh/
597,/elizaez/
598,/ianjonas/
599,/thelistislife42/
600,/forgeyboi/
601,/cormacmcnamee/
602,/andyyoungfilm/
603,/sonarus/
604,/hamfruitcake/
605,/nun4hire/
606,/josiahcoops/
607,/1892/
608,/armandhammer/
609,/itsdonaldglover/
610,/famsquadyeet/
611,/arnonpangan/
612,/shinybeast/
613,/trevorhenderson/
614,/eric_peartree/
615,/tessicat/
616,/snan/
617,/isajjar/
618,/kay_mac/
619,/putinaspliff/
620,/pileofcrowns/
621,/aleph_null/
622,/bitchvibrations/
623,/pollenism/
624,/mook/
625,/bobmccully/
626,/dankwit/
627,/willbrittain/
628,/localhero_/
629,/millenniummambo/
630,/arnavlegofan29/
631,/overdeclined/
632,/irabrooker/
633,/dedward/
634,/gregorywkent/
635,/dedingsda/
636,/furiose/
637,/baudellaire/
638,/sinceblackwidow/
639,/digitalpress/
640,/freazypeach/
641,/martaluvi/
642,/brahski/
643,/tropicalmaladdy/
644,/keenan_mt/
645,/pstalbot/
646,/drucilla/
647,/kevlarx/
648,/immortan_scott/
649,/hotdonkeybear/
650,/wraithape/
651,/phntmthrd/
652,/smilefromaveil/
653,/aleechaye/
654,/artsambition/
655,/hudsonrocks/
656,/ponbac/
657,/greg_wood/
658,/bennhorror/
659,/astardoc/
660,/ianwokeup/
661,/themediadiorama/
662,/bethanellen/
663,/jacobalenciaga/
664,/mescalverse/
665,/sheagallagher/
666,/bbeksinski/
667,/theslayerbuffy/
668,/dancedancedance/
669,/trythebuffer/
670,/miovies/
671,/bhargav300/
672,/john209/
673,/mahmus/
674,/stephendanay/
675,/draper_/
676,/michaeleternity/
677,/joshtenet/
678,/isaacfeldberg/
679,/cold_hashbrown/
680,/nickwt/
681,/soundturnedlow/
682,/transpauldano/
683,/manilazic/
684,/jbutts15/
685,/rollatini/
686,/housesofwax/
687,/amidalas/
688,/hydratedshrimp/
689,/catus/
690,/teamedward/
691,/brennan51/
692,/rsolsjo/
693,/garfofgalaxy/
694,/neorapp/
695,/dorseyhorsey/
696,/eddyburback/
697,/gillianb/
698,/wolfsothern/
699,/mcufilm/
700,/driftking/
701,/epm101/
702,/alewatchesfilms/
703,/viktor_csullog/
704,/noahdivincenzo/
705,/yeblod/
706,/bjo_bro007/
707,/coralinejones/
708,/thefilmcave/
709,/lauren_brodauf/
710,/ceyceyx/
711,/aubreythefrog/
712,/rococowinked/
713,/qjtbailey/
714,/volver/
715,/foofdeckman/
716,/aaronh/
717,/ikarleigh/
718,/screamqueen_97/
719,/alinaedwards/
720,/onelesshelper/
721,/eddie_a/
722,/jerome1994/
723,/hershwin/
724,/meggss/
725,/pinkmcflurry/
726,/nevex/
727,/eyebrowcinema/
728,/katkowalski314/
729,/francesmeh/
730,/louferrigno/
731,/loomis5678/
732,/csb_de/
733,/cursedtails/
734,/baileyparkinson/
735,/luffymindset/
736,/josh2410/
737,/sunset99/
738,/nuno09/
739,/dorysief/
740,/ahutchinson/
741,/thisisdrew/
742,/dungeonskramz/
743,/amundsens/
744,/rachel_remeny/
745,/lesserbohemian/
746,/jacquesdoran/
747,/asilversnake/
748,/milo123/
749,/phxgaga/
750,/grabmymask/
751,/gabrielgodard/
752,/crislvsmovies/
753,/chickenmaster/
754,/mcumagik/
755,/crduffy97/
756,/simonpegg/
757,/tobethharmon/
758,/enteredthevoid/
759,/ozten/
760,/the_narrator/
761,/lukelivermore/
762,/beniciodeltoro/
763,/thethirdhan/
764,/amyja89/
765,/trolleyfreak/
766,/kevintarazi/
767,/aadowd/
768,/steelatoms/
769,/boringbluegirl/
770,/phattrav/
771,/mrppeeps/
772,/tears_in_rain/
773,/dz1ga/
774,/erf45/
775,/hanxine/
776,/moviedude/
777,/zyopy/
778,/thamoviedabber1/
779,/filmfreek25/
780,/nicoleackman16/
781,/slasherhomo/
782,/meggie19/
783,/ben_macdonald/
784,/jb_15/
785,/adrianmoviez/
786,/mattgoldberg/
787,/madmann14/
788,/georgeciveris/
789,/frenchdispatch/
790,/emidamovielover/
791,/tracedthurman/
792,/matt_samahl/
793,/estebueno/
794,/bananahit/
795,/benjaminpete/
796,/kaiamlegend/
797,/ericallenhatch/
798,/haiduc/
799,/maiapog/
800,/dustynight/
801,/realkraftpunk/
802,/karmanoodle/
803,/drewmcweeny/
804,/leowillem/
805,/hotdad23/
806,/director525/
807,/romankirby/
808,/herman2181/
809,/paddingtonbrown/
810,/teamedward/
811,/brennan51/
812,/rsolsjo/
813,/garfofgalaxy/
814,/neorapp/
815,/dorseyhorsey/
816,/eddyburback/
817,/gillianb/
818,/wolfsothern/
819,/mcufilm/
820,/driftking/
821,/epm101/
822,/alewatchesfilms/
823,/viktor_csullog/
824,/noahdivincenzo/
825,/yeblod/
826,/bjo_bro007/
827,/coralinejones/
828,/thefilmcave/
829,/lauren_brodauf/
830,/ceyceyx/
831,/aubreythefrog/
832,/rococowinked/
833,/qjtbailey/
834,/volver/
835,/foofdeckman/
836,/aaronh/
837,/ikarleigh/
838,/screamqueen_97/
839,/alinaedwards/
840,/soupgeorg/
841,/halliehalliday/
842,/haydenwelch/
843,/hesse/
844,/notmerii/
845,/zoe_of_mensis/
846,/brifilms/
847,/hooded_justice/
848,/porksweats/
849,/volcanicdanvers/
850,/brakywaki/
851,/hereditary/
852,/aaronelwhite/
853,/dancruse/
854,/domxrm/
855,/shawn_stubbs/
856,/phqntomthrd/
857,/darthrustyy/
858,/brianwcollins/
859,/datzeldagirl/
860,/lohmi/
861,/therealjk/
862,/tenzinsia/
863,/weardjupiter/
864,/merrymaggot/
865,/michael_elliott/
866,/jeremy_crabb/
867,/kjones77/
868,/colinfarreii/
869,/dallasfrance/
870,/roberteacuna/
871,/malachite/
872,/darkcollector/
873,/willmoviefan97/
874,/bobbby/
875,/fugi456/
876,/prof_ratigan/
877,/neelxm/
878,/jojo731/
879,/always8323/
880,/jckdvnprt/
881,/naturebean/
882,/vonnysimarmata/
883,/yckmd_/
884,/julesc0re/
885,/alicjas/
886,/sammmbennettt/
887,/rickd/
888,/dale_nauertz/
889,/remote/
890,/kylerjames/
891,/hadbranson/
892,/axxstin/
893,/bilboballin/
894,/madskv/
895,/betchjs/
896,/adelaidegrace/
897,/oscarkit316/
898,/johnny2cellos/
899,/prolelol/
900,/thatoddchica/
901,/bulletproofqpid/
902,/kitnotmarlowe/
903,/jamiejirak/
904,/007filmreviwer/
905,/wallflowerist/
906,/kelcib32/
907,/wildgrac/
908,/earl12456/
909,/d6niels/
910,/sprizzle/
911,/noraephron/
912,/yoonaology/
913,/emperorcupcake/
914,/lauraprepon/
915,/bongjoonho/
916,/councillor3004/
917,/fookthis/
918,/miketorchic/
919,/jackwakelin/
920,/themidnightclub/
921,/notjeffknight/
922,/scrumblebunny/
923,/ducournau/
924,/izzypow/
925,/ajhan/
926,/lukethorne94/
927,/cernanmari/
928,/realhenryb/
929,/bellabaxterfan/
930,/thomgrab/
931,/cduffy/
932,/raiderslostpod/
933,/milliie/
934,/aftersuns/
935,/ohwelpfilms/
936,/leonorathelion/
937,/caroliscore/
938,/newarchive/
939,/filmsunstuck/
940,/lilusions/
941,/jewbo23/
942,/devanagscott/
943,/alexkittle/
944,/trentreznor/
945,/baebiebel/
946,/herzogjake/
947,/reesepd/
948,/audreypicnic/
949,/iamjaywood/
950,/darcysus/
951,/rosetintmyworld/
952,/girlsgutsgiallo/
953,/daveleedu/
954,/ingleside/
955,/cahsper/
956,/jaxjax/
957,/clowchan/
958,/soumajit/
959,/iluvromcoms/
960,/vonnyalex/
961,/juano2000/
962,/ricfranco/
963,/yorgoslanthimos/
964,/yandico/
965,/hottoiletwater/
966,/fisackerly/
967,/imamesscraven18/
968,/monsoonchowder/
969,/brettandjb/
970,/foggy/
971,/zshevich/
972,/auteurtheory/
973,/mskp/
974,/brunasoares/
975,/apelsins/
976,/wisebeardiary/
977,/smarmyjerkface/
978,/dulcetnicole/
979,/juliannemooore/
980,/alrob22/
981,/mattluvsmovies/
982,/sbasse/
983,/catonfilm/
984,/ptacekethx/
985,/chloe1/
986,/fabijan_/
987,/furiarte02/
988,/15stepper/
989,/cosmicfreak/
990,/samherbst/
991,/entlauber/
992,/woahitsjuanito/
993,/dominicsessa/
994,/ifising/
995,/togekiss/
996,/cillemouze/
997,/aarkush/
998,/filmsbymila/
999,/urinternetmom/
1000,/marktinta73/
1001,/belsf/
1002,/filmento/
1003,/cesarandrzzz/
1004,/thelonelyphoton/
1005,/jay96/
1006,/lyddellis/
1007,/dragonknight/
1008,/alexroy656/
1009,/astoehr/
1010,/da94/
1011,/staceyb/
1012,/codymonster91/
1013,/hampus_wersen/
1014,/lukerobertson95/
1015,/jewbees12/
1016,/lipe0004/
1017,/austinelkins/
1018,/vascomunoz/
1019,/sophfp/
1020,/djhughes/
1021,/mikeryan/
1022,/chad_hartigan/
1023,/walktheearth/
1024,/lackingsaint/
1025,/pe_testa/
1026,/sisterlisa666/
1027,/luckydoll/
1028,/heirofslytherin/
1029,/edoardocan/
1030,/nickatkinson/
1031,/xiu_shoegaze/
1032,/thedayofthedot/
1033,/jackednerd/
1034,/thatreviewerguy/
1035,/theaintrightss/
1036,/jc13/
1037,/tylekurner/
1038,/gandyfitch/
1039,/eggchoke/
1040,/wike_mazowski/
1041,/lil_wheels/
1042,/beffrsunset/
1043,/repojack/
1044,/obligatory/
1045,/tentaclatron/
1046,/ct_sexybeast/
1047,/smallclone/
1048,/joekohle/
1049,/vampireweekend/
1050,/super_n8/
1051,/picasso/
1052,/lisbonpilled/
1053,/cheeseheadfoamy/
1054,/anniewoj/
1055,/hanoots/
1056,/mollyscult/
1057,/uncoolcat/
1058,/darrenfx/
1059,/whateverokay/
1060,/nopersonality/
1061,/stevenmillan/
1062,/emanuelbulija/
1063,/dirkogonada/
1064,/ajblack/
1065,/gregburns/
1066,/hayal12/
1067,/daveweigel/
1068,/hkfanatic/
1069,/kinggame/
1070,/invincibleasia/
1071,/johnholmes/
1072,/juliacudney/
1073,/mvlhollanddrive/
1074,/calum_marsh/
1075,/shivugowda/
1076,/gniola/
1077,/suspirianknight/
1078,/bananakarenina/
1079,/deleedebiri/
1080,/justinsalright/
1081,/ditdot/
1082,/machwan/
1083,/kalosianlitten/
1084,/hirxeth/
1085,/jozhster/
1086,/boyerased/
1087,/avalynwu/
1088,/premoh/
1089,/seenandnotseen/
1090,/michelcvg/
1091,/supertrovper/
1092,/hobbit_guy/
1093,/philosopherouge/
1094,/sebapixar/
1095,/rosiea2016820/
1096,/fat_alberta/
1097,/kjdson/
1098,/nachtwaechter/
1099,/brandon_steger/
1100,/tmw180/
1101,/fulcibaby/
1102,/slimeluca/
1103,/benoftheweek/
1104,/bruce_tetsuya/
1105,/sodacreekfilm/
1106,/liamviii/
1107,/bengrimm/
1108,/larevolverperez/
1109,/waxmask/
1110,/dancemom/
1111,/lobster20000/
1112,/lgarcia/
1113,/themyrka/
1114,/olevar/
1115,/direktionz/
1116,/rhesusnegative/
1117,/tschutzer/
1118,/djdoublem3/
1119,/itslv/
1120,/mikeyb98/
1121,/jay_c/
1122,/jake_ziegler/
1123,/mochtheweek/
1124,/merrittk/
1125,/ryanbingham/
1126,/jefleppard/
1127,/rossatr0n/
1128,/isvbella/
1129,/dylanmeetze/
1130,/whiteferrari/
1131,/ghettomusick/
1132,/filmtoppings/
1133,/cami123/
1134,/thesherminator/
1135,/anika108/
1136,/kylenestrella/
1137,/jasondashbailey/
1138,/louispeitzman/
1139,/basty2049/
1140,/chronopictures/
1141,/leviyoung572/
1142,/tarantinole/
1143,/washusha/
1144,/emilystjams/
1145,/mediapundit/
1146,/callisto/
1147,/firstshowing/
1148,/eddiebergman/
1149,/offensivename/
1150,/adrianbernalf/
1151,/joshmatthews/
1152,/juliodogpit/
1153,/stephmazza/
1154,/honorszombie/
1155,/ills/
1156,/oneaprilday/
1157,/itsbilbo/
1158,/sprudelheinz/
1159,/khoi97/
1160,/paradisewreck/
1161,/nvargascamus/
1162,/mcp_daskino/
1163,/codypphoto/
1164,/dialmformar/
1165,/oneepiexe/
1166,/terencedavies/
1167,/twinkcore/
1168,/randa_zein/
1169,/dustin_b/
1170,/medicalmovieman/
1171,/jfrankensteiner/
1172,/bobhoveyga/
1173,/grantfd/
1174,/morganmartin/
1175,/pube/
1176,/vihan/
1177,/realrzn/
1178,/hollynovak/
1179,/crunchcookie/
1180,/laser_reviews/
1181,/darkreif/
1182,/bajonasmekas/
1183,/anika_k/
1184,/amanda_marie/
1185,/drumdums/
1186,/redflavor/
1187,/fint/
1188,/dionwyn/
1189,/timmyw/
1190,/fashionista69/
1191,/jigsawpolice/
1192,/euanharris200/
1193,/cyman/
1194,/greffistaf/
1195,/ethanbeach/
1196,/peachskies/
1197,/virenmaru/
1198,/reekinringo/
1199,/gregs1999/
1200,/jakie_jake/
1201,/g_emi/
1202,/jordansmith/
1203,/newjerseynoise/
1204,/skylerinthecine/
1205,/asexualjungwoo/
1206,/notviking/
1207,/r0siecurrie/
1208,/electricwizardx/
1209,/frankenlotter/
1210,/herb_gallow/
1211,/mikesmic/
1212,/kjacob73/
1213,/willas/
1214,/markman05/
1215,/milos/
1216,/lepetitprince/
1217,/dog_in_a_boat/
1218,/deaineira/
1219,/cherrygloss/
1220,/thesinnohman/
1221,/rachels_reviews/
1222,/barendd/
1223,/sonnywortzikk/
1224,/aford/
1225,/anasilvestre/
1226,/naomikawasevevo/
1227,/syrena/
1228,/davidcavazos/
1229,/edunne125/
1230,/itskyle/
1231,/i_z/
1232,/jonsansk8/
1233,/vishnevetsky/
1234,/tajlv/
1235,/salinui/
1236,/joerumrill/
1237,/sylvainl/
1238,/drrobuttnik/
1239,/9413/
1240,/ed_w00d/
1241,/karst/
1242,/anniraasu/
1243,/luk3w3bb/
1244,/rebeccajohnsonx/
1245,/simplecinema/
1246,/themathletes/
1247,/miffyinthealps/
1248,/janehen/
1249,/alaynaviolet/
1250,/dizzle_sizzle/
1251,/baggins/
1252,/v6446v/
1253,/fakerobhunter/
1254,/brettvargo/
1255,/owen2613/
1256,/mumbles/
1257,/thesparkknight/
1258,/danielcrooke/
1259,/dreyuhsanchez/
1260,/vonnyalex/
1261,/juano2000/
1262,/ricfranco/
1263,/yorgoslanthimos/
1264,/yandico/
1265,/hottoiletwater/
1266,/fisackerly/
1267,/imamesscraven18/
1268,/monsoonchowder/
1269,/brettandjb/
1270,/foggy/
1271,/zshevich/
1272,/auteurtheory/
1273,/mskp/
1274,/brunasoares/
1275,/apelsins/
1276,/wisebeardiary/
1277,/smarmyjerkface/
1278,/dulcetnicole/
1279,/juliannemooore/
1280,/alrob22/
1281,/mattluvsmovies/
1282,/sbasse/
1283,/catonfilm/
1284,/ptacekethx/
1285,/chloe1/
1286,/fabijan_/
1287,/furiarte02/
1288,/15stepper/
1289,/cosmicfreak/
1290,/juliec/
1291,/rachelleishman/
1292,/incrediblybleak/
1293,/kj004/
1294,/diaanatejadaaa/
1295,/christofn/
1296,/ptapat/
1297,/cosmobrown/
1298,/billryan/
1299,/bulgerpaul/
1300,/fliptrotsky/
1301,/aobh/
1302,/rtrench/
1303,/houch/
1304,/evolutionpod/
1305,/dantesring/
1306,/pynechone/
1307,/dannyboyff/
1308,/karekano/
1309,/tuurdewaele/
1310,/subbyenbywitch/
1311,/livvysavs/
1312,/mrbalihai/
1313,/eli_hauser/
1314,/psyduck/
1315,/starr/
1316,/kasarin/
1317,/gorybmovie/
1318,/pondragon/
1319,/schlockheart/
1320,/killingofadeer/
1321,/erspamer_matt/
1322,/violetvalenski/
1323,/diegoroque/
1324,/ruth/
1325,/christianalec94/
1326,/mikestuhlman/
1327,/frankritz/
1328,/pauloveshorror/
1329,/gilliangrace/
1330,/broey_deschanel/
1331,/gubarenko/
1332,/martyk0015mp/
1333,/scottrenshaw/
1334,/joshuajpridmore/
1335,/cbarky79/
1336,/moviemegs/
1337,/vincentprince/
1338,/adil12uu/
1339,/onno/
1340,/erikreeds/
1341,/miaebaker/
1342,/mmbynum/
1343,/marinamay/
1344,/graysonity/
1345,/izzarrbizzarr/
1346,/danboyle86/
1347,/modish/
1348,/_ruckerish/
1349,/zachtr/
1350,/justinsalright/
1351,/ditdot/
1352,/machwan/
1353,/kalosianlitten/
1354,/hirxeth/
1355,/jozhster/
1356,/boyerased/
1357,/avalynwu/
1358,/premoh/
1359,/seenandnotseen/
1360,/michelcvg/
1361,/supertrovper/
1362,/hobbit_guy/
1363,/philosopherouge/
1364,/sebapixar/
1365,/rosiea2016820/
1366,/fat_alberta/
1367,/kjdson/
1368,/nachtwaechter/
1369,/brandon_steger/
1370,/tmw180/
1371,/fulcibaby/
1372,/slimeluca/
1373,/benoftheweek/
1374,/bruce_tetsuya/
1375,/sodacreekfilm/
1376,/liamviii/
1377,/bengrimm/
1378,/larevolverperez/
1379,/waxmask/
1380,/nightwing04/
1381,/marialeighla/
1382,/ej_paras/
1383,/cinema_strikes/
1384,/tummyache/
1385,/melirami/
1386,/lovechazelle/
1387,/juicylobster/
1388,/karamashi/
1389,/innerash/
1390,/gwendobbs99/
1391,/superbardibros/
1392,/nicknaney/
1393,/liliab/
1394,/rjphoenlx/
1395,/sean_cordy/
1396,/gen7/
1397,/rupertpupkin/
1398,/edithwharton/
1399,/fatalcfilm/
1400,/sloanepeterson/
1401,/hilyelo/
1402,/brashbelle/
1403,/collin_clark/
1404,/danielle41515/
1405,/moonynflower/
1406,/infantemmanus/
1407,/rionnag/
1408,/meggamino/
1409,/vocaloidmmivice/
1410,/lostinfilm_/
1411,/andrez15/
1412,/nolio/
1413,/alan1/
1414,/gwarren/
1415,/mario_melendez/
1416,/madeons/
1417,/downtownlights/
1418,/busiestphilipps/
1419,/justacrowbro/
1420,/encox/
1421,/rainyzurich/
1422,/ethan99/
1423,/cocoapowder/
1424,/friendofhagrid/
1425,/sierrdevil/
1426,/rajatsuresh/
1427,/boley/
1428,/mayhemkvlt/
1429,/kaijuman/
1430,/remsholland/
1431,/tburnett217/
1432,/withcindy/
1433,/sophy/
1434,/lorenzog99/
1435,/locarbmonster/
1436,/blissfuel/
1437,/colinmclaughlin/
1438,/kinggabby/
1439,/ajasmine/
1440,/tylahhhmarie/
1441,/insessionfilm/
1442,/anthonyandfilm/
1443,/savpaz/
1444,/jubbls/
1445,/geeman81/
1446,/bkkirby/
1447,/remolano/
1448,/casketface/
1449,/joyconboyz4eva/
1450,/austin278/
1451,/slasherreviews/
1452,/clevack/
1453,/artthur/
1454,/mrjago/
1455,/fifeco/
1456,/brendanowicz/
1457,/cbhersh/
1458,/matthewlb/
1459,/gustavmenezes/
1460,/lebowskidoo/
1461,/britthates/
1462,/buttnugget/
1463,/dbc/
1464,/jacfer/
1465,/crich/
1466,/silvershamroock/
1467,/leonbrill/
1468,/zaaayn/
1469,/geyeh/
1470,/jhillman/
1471,/lordbaelish643/
1472,/capegod/
1473,/kpitman/
1474,/nocopzone/
1475,/imstillgentle/
1476,/annijaas/
1477,/liammmmm/
1478,/danadanger/
1479,/heathcliff/
1480,/bleedingskull/
1481,/maxvayne/
1482,/alba1512/
1483,/gy1leenhaal/
1484,/deansbeans/
1485,/michael11391/
1486,/jakeaesthete/
1487,/lawrenceeeeeeee/
1488,/tylerharris/
1489,/rkesselman/
1490,/raveness/
1491,/leeannremiker/
1492,/justjoshings/
1493,/zero_complaints/
1494,/jake84/
1495,/kylezeman33/
1496,/twincoves/
1497,/dresan19/
1498,/juulialim/
1499,/melvillmatic/
1500,/rakestraw/
1501,/1snotboy/
1502,/keychain_1989/
1503,/florinscanlon/
1504,/juanpa_brenis/
1505,/themanish89/
1506,/maddxyyy14/
1507,/moviemankev/
1508,/marys/
1509,/daredevllls/
1510,/drstrange110/
1511,/darth_erogenous/
1512,/jonpaula/
1513,/cwazycrowla/
1514,/thoseeyebrows/
1515,/tomcissa/
1516,/tqxidriver/
1517,/supervenice/
1518,/asimpollard/
1519,/danranza/
1520,/damosuzuki/
1521,/learic/
1522,/finalgirl01/
1523,/surferdude/
1524,/wafelweena/
1525,/ingridwillum/
1526,/fridgefinder/
1527,/screami/
1528,/night_shift/
1529,/vince_dimeglio/
1530,/muuurrpphy/
1531,/jackknightley/
1532,/raoulgonzo/
1533,/suttercain/
1534,/mousterpiece/
1535,/matthew/
1536,/lowbacca/
1537,/jenniferv/
1538,/lucasmccarthy/
1539,/ilanawolpert/
1540,/noir1946/
1541,/sjnoland/
1542,/gayhepburn/
1543,/jackheavin/
1544,/reesedi/
1545,/matheusfiore/
1546,/xarnis/
1547,/jonuptergrove/
1548,/savage_/
1549,/keithlaf/
1550,/gentledoofus/
1551,/spoonietox/
1552,/forest7980/
1553,/vahni7/
1554,/marmajade/
1555,/paintmytrust/
1556,/michealscarn/
1557,/deckk/
1558,/moviefestoffic/
1559,/willdraugelis/
1560,/stellaperry/
1561,/ethann03/
1562,/naturalbornkaos/
1563,/zanderific/
1564,/catbb/
1565,/princessleia/
1566,/doggy73/
1567,/agusdelrey/
1568,/pappygtalksfilm/
1569,/chloemizanin/
1570,/avatar2009fan/
1571,/cauls_apartment/
1572,/agozy2000/
1573,/mattheweg/
1574,/smtvash/
1575,/liamfilmreviews/
1576,/pinkslimer/
1577,/kyle93bell/
1578,/befford/
1579,/jsancheznavarro/
1580,/charlimane/
1581,/firstnamewarren/
1582,/peepeepoopoo234/
1583,/rookj/
1584,/amreenk_/
1585,/sicily/
1586,/yoghurtsgirl/
1587,/musicbymilo/
1588,/megshields/
1589,/gabbyrose/
1590,/choso/
1591,/anxietyistyping/
1592,/julianafoster/
1593,/draymoney/
1594,/damarisjoy/
1595,/moements/
1596,/superman/
1597,/ltgruber/
1598,/howiemunson/
1599,/udokier/
1600,/filmtasticmrcox/
1601,/bananapudding/
1602,/asjad_cj/
1603,/ingmar/
1604,/lilliancrawford/
1605,/mrstonks/
1606,/ji_doctor/
1607,/breannalee/
1608,/novideozone/
1609,/oscos/
1610,/yuqxn/
1611,/jackwilly05/
1612,/joeelsey14/
1613,/suvranilsinghac/
1614,/antonioorrico/
1615,/thejezdawg/
1616,/obviouslyjulian/
1617,/claudiomelo/
1618,/jellebabz/
1619,/schizopolis23/
1620,/nosferretu/
1621,/breaking_chad22/
1622,/theoneheathbar/
1623,/tracesauveur/
1624,/themorganlane/
1625,/joushe/
1626,/mittland/
1627,/dondrapers/
1628,/yo_roboto/
1629,/filmusicinemike/
1630,/filmsliterati/
1631,/doudoubelisle/
1632,/jeremyheilman/
1633,/geoccali/
1634,/sorayaspaghetti/
1635,/livindead/
1636,/cosmicfish14/
1637,/kentkently/
1638,/mattheuswc/
1639,/lucyblagg/
1640,/magnolias/
1641,/sloany_/
1642,/wiingsofdesire/
1643,/andrewdignan/
1644,/chuddchutney/
1645,/ratgirldingus/
1646,/brendanrr/
1647,/bradfhenderson/
1648,/johnnyswanny42/
1649,/streetsahead55/
1650,/apopan/
1651,/bradleyjdixon/
1652,/dynamitefilms/
1653,/fulci420/
1654,/donnie/
1655,/sam_kyker/
1656,/ronnycammareri/
1657,/hollandrain/
1658,/virginfinalgirl/
1659,/guy_mont/
1660,/xautotelic/
1661,/gaboreilly/
1662,/russellhfilm/
1663,/miguelaraiza/
1664,/braydenshea/
1665,/cutehashbrown/
1666,/renan1999/
1667,/brandonstanwyck/
1668,/welovemovies/
1669,/onelastscare/
1670,/darcithorp/
1671,/andreasue__/
1672,/trbr1tt/
1673,/prasejeebus/
1674,/lancelubelski/
1675,/mhmurray/
1676,/digestedsilver/
1677,/rhodesmovie/
1678,/awgilbert/
1679,/sisterhyde/
1680,/petricor/
1681,/rauldl2002/
1682,/jennomaes/
1683,/milaapadilla/
1684,/mohamedgbeshir/
1685,/danp8888/
1686,/vampirelovers/
1687,/maryannk01/
1688,/ponysmasher/
1689,/mhoffman23/
1690,/emilyjeanstone/
1691,/richmond_hill/
1692,/cramer_k/
1693,/fleamarked/
1694,/hailliackerman/
1695,/gillyk82/
1696,/michaelj/
1697,/robynsummer/
1698,/dilfenthusiast/
1699,/evfrom5to7/
1700,/tamarapvz/
1701,/homelessalto/
1702,/onetuffpuff/
1703,/jordan_b_/
1704,/aleisha/
1705,/whitneydare/
1706,/alan_sepinwall/
1707,/horrorsage/
1708,/amyad4ms/
1709,/khalessihannah/
1710,/sheldond/
1711,/rtlloyd98/
1712,/joshuasorensen/
1713,/luis_monge14/
1714,/lluwaves/
1715,/pacificnil/
1716,/em_quag/
1717,/realisator3000/
1718,/lizzyfrockwell/
1719,/montenore/
1720,/brumder/
1721,/kphipps3000/
1722,/slaygoodman/
1723,/goldenblue8/
1724,/austinlord/
1725,/iaurapalmer/
1726,/carolinesfarts/
1727,/khirsxten/
1728,/clbsilencio/
1729,/everglowingsx/
1730,/daisoujou/
1731,/thorkell/
1732,/karac/
1733,/cameronh/
1734,/childofmarxcola/
1735,/realhumanbean4u/
1736,/kevinwimar/
1737,/rutledal/
1738,/lilyschouchou/
1739,/olliecochran/
1740,/darknstormy/
1741,/eugeugeug/
1742,/wascarbrough/
1743,/abriss/
1744,/brisween13/
1745,/rosaeleanor/
1746,/tomripleys/
1747,/benjybox/
1748,/artyficial/
1749,/heredicarrie/
1750,/firehorse_jane/
1751,/horriblereviews/
1752,/sbprime/
1753,/willwill/
1754,/pagnilayan/
1755,/sunsoar25/
1756,/james__glen/
1757,/lucasblalock/
1758,/baronronan/
1759,/joejatcko/
1760,/arkhamknightrid/
1761,/vishwaskverma/
1762,/kelseybradshaw/
1763,/zeroena/
1764,/mandelbroset/
1765,/amarimaria/
1766,/gentes/
1767,/lcosgrove/
1768,/mraustinmk/
1769,/adam_davie/
1770,/alanheloy/
1771,/mrmichaeldjones/
1772,/adeswaan/
1773,/dolfinn/
1774,/jirehngl/
1775,/wyattduncan/
1776,/kindamainstream/
1777,/markella/
1778,/alonsodvt/
1779,/mommies/
1780,/cdgray/
1781,/zacefron/
1782,/walid66/
1783,/titanicrose/
1784,/klaasvaak333/
1785,/zachleslie/
1786,/spookysarahsays/
1787,/roxlin/
1788,/fartedlitterbox/
1789,/averankin/
1790,/hamburgerpimp/
1791,/veronicamras/
1792,/pattyromp/
1793,/kenru/
1794,/lucindajane/
1795,/haris4pf/
1796,/cpizzignacco/
1797,/samistoked/
1798,/ioganierman/
1799,/megorwhatever/
1800,/rakestraw/
1801,/1snotboy/
1802,/keychain_1989/
1803,/florinscanlon/
1804,/juanpa_brenis/
1805,/themanish89/
1806,/maddxyyy14/
1807,/moviemankev/
1808,/marys/
1809,/daredevllls/
1810,/drstrange110/
1811,/darth_erogenous/
1812,/jonpaula/
1813,/cwazycrowla/
1814,/thoseeyebrows/
1815,/tomcissa/
1816,/tqxidriver/
1817,/supervenice/
1818,/asimpollard/
1819,/danranza/
1820,/damosuzuki/
1821,/learic/
1822,/finalgirl01/
1823,/surferdude/
1824,/wafelweena/
1825,/ingridwillum/
1826,/fridgefinder/
1827,/screami/
1828,/night_shift/
1829,/vince_dimeglio/
1830,/laurelvy/
1831,/johnny316/
1832,/bkreceve/
1833,/skyep19/
1834,/alexengquist/
1835,/seamus_malek/
1836,/kassxo/
1837,/botbotb/
1838,/nmerrell/
1839,/tardedeperros/
1840,/nevdsouza/
1841,/brokeboyinfilm/
1842,/chewbaccant/
1843,/hendo/
1844,/ronmackpdx/
1845,/camillereid543/
1846,/___val___/
1847,/gp20/
1848,/rowenet/
1849,/bengrayeyard/
1850,/radleyblaise/
1851,/mintsanity/
1852,/palinapalina/
1853,/sa2nvi/
1854,/emasasic/
1855,/ashcrow/
1856,/toombsinator/
1857,/moviethot/
1858,/missusmags/
1859,/swtlj/
1860,/cam864/
1861,/bene_06/
1862,/bulletjesus/
1863,/spacecandet/
1864,/ikheetmark/
1865,/moviesfan123/
1866,/hzjoett/
1867,/matrixs/
1868,/lufeboy/
1869,/laurenplass/
1870,/lucyalicewhit/
1871,/fakevoorhees/
1872,/devpatei/
1873,/rossdidntdoit/
1874,/duabelas/
1875,/pjenkins/
1876,/imspoofy/
1877,/nothnghppens/
1878,/clarkabraham/
1879,/hunterrapp/
1880,/clarefranceso/
1881,/chatterb0xd/
1882,/macfilms/
1883,/carter1331/
1884,/eddiedwywer/
1885,/j1w_gtpl/
1886,/lordhelmchen81/
1887,/mrpeanutbuttter/
1888,/yourhaunteddoll/
1889,/drippytim69/
1890,/walypala/
1891,/cinemommie/
1892,/ryrydafrenchfry/
1893,/stephen_ny/
1894,/annamckenzie/
1895,/annikash/
1896,/jaycgallagher/
1897,/jaymarquez/
1898,/heartshapedgirl/
1899,/danemcdonald/
1900,/benreavey2005/
1901,/rabbitroom/
1902,/movie556/
1903,/paperbackspugs/
1904,/carriec/
1905,/myname_isrobby/
1906,/yogilovesfilm/
1907,/youseekyoda/
1908,/lanelovesmovies/
1909,/robertsaucedo/
1910,/rafaelsalles/
1911,/deltanz/
1912,/lopezzmovies/
1913,/sonomanstereo/
1914,/sartoriallyinc/
1915,/goin2themoovies/
1916,/top10ner/
1917,/melis_/
1918,/chasemit/
1919,/dvideostor/
1920,/cadentomyhazel/
1921,/rta/
1922,/aaronblocke/
1923,/sergioalpendre/
1924,/eddiewho/
1925,/billybibbic/
1926,/markerfan/
1927,/kacman11/
1928,/nicktendo/
1929,/joshua_toomes/
1930,/kamilleroboter/
1931,/lucreciamartel/
1932,/bigdaddywarbuxx/
1933,/tom_soos32/
1934,/doppelgangerdev/
1935,/exorcismemily/
1936,/guyzo997/
1937,/filmrodolfo/
1938,/brthrash/
1939,/josholobo/
1940,/devitoenergy/
1941,/ajkendric/
1942,/tripleholmes/
1943,/kadenward101/
1944,/hupahz/
1945,/joqa03/
1946,/anerdforyou/
1947,/colehomevideo/
1948,/mattyfastwheelz/
1949,/gentlemanboozer/
1950,/filmfan1971/
1951,/miavll/
1952,/niwmoon/
1953,/heavynissen/
1954,/guhbonin/
1955,/timcarrey/
1956,/m_penalosa/
1957,/acbrew/
1958,/boyonthemoon/
1959,/andrewpope/
1960,/kylebumpers/
1961,/aliciamalone/
1962,/ceciadevo/
1963,/countdraculas/
1964,/inlanddernpire/
1965,/mescalist/
1966,/whipstaff_manor/
1967,/jonahxcorey/
1968,/hsblechman/
1969,/redbulldyke/
1970,/mikbanerjee/
1971,/dakotanoot/
1972,/azurewomb/
1973,/hunterschafcr/
1974,/halloweenhenry/
1975,/mondaylover/
1976,/rowland_de_boys/
1977,/dougholler/
1978,/pateduncan/
1979,/therightopinion/
1980,/arobiin/
1981,/thefavouritw/
1982,/fatyoshi/
1983,/voidville/
1984,/juanxd/
1985,/yarjka/
1986,/hsamovies/
1987,/limmy/
1988,/marikaelon/
1989,/thesoundofmusic/
1990,/davidraider88/
1991,/missgurl/
1992,/leesahsea/
1993,/noahaka/
1994,/bethbecomesher/
1995,/deeceethered/
1996,/spacelessvoid/
1997,/thommy1801/
1998,/exultingly/
1999,/kanemutiny/
2000,/chrisfhd/
2001,/hypebeastdd/
2002,/bader000/
2003,/enzo_santos/
2004,/florbelen/
2005,/islamalbhloli/
2006,/kuryakinn/
2007,/dy19n/
2008,/trevorwang/
2009,/micacardoso/
2010,/geej/
2011,/mellyfratelli/
2012,/pennisdelmar/
2013,/robertshupe/
2014,/michaelhutchins/
2015,/kingofburbank/
2016,/realravenhurst/
2017,/gambitswift/
2018,/ghostsarereal/
2019,/alexiazawader/
2020,/3c_films/
2021,/piamosu/
2022,/dannyjp/
2023,/jinzo07/
2024,/buckaroobanzai_/
2025,/thejoebro64/
2026,/crbrink/
2027,/irathethird/
2028,/tainah/
2029,/frostyfoxx/
2030,/steak_chalupa/
2031,/duckman/
2032,/film_sammlung/
2033,/h4nnuh/
2034,/parakerman/
2035,/harlequin/
2036,/godthedodo/
2037,/beludeces/
2038,/katewaterlife/
2039,/kitrv/
2040,/sweeneytom/
2041,/gyllenhive/
2042,/circleoffilm/
2043,/gnarlymarmalade/
2044,/adataylorh/
2045,/grace260/
2046,/obistrike25/
2047,/hakeemp/
2048,/happytoheather/
2049,/luciacoronado_/
2050,/ktc/
2051,/brandocritic/
2052,/thorsky/
2053,/mattstrohl99/
2054,/seriouspain/
2055,/badboy_ap/
2056,/thefilmstage/
2057,/trast_akt/
2058,/nickvan99/
2059,/caty/
2060,/matthias_812/
2061,/raphaklopper/
2062,/parkerblake/
2063,/colesaturner/
2064,/justcallbrandon/
2065,/col_plimp/
2066,/kuntsuragi/
2067,/declan95/
2068,/troythrace/
2069,/sushifern/
2070,/odriley/
2071,/maribrown/
2072,/cloverfieid/
2073,/brandyrtorres/
2074,/cd1990/
2075,/tristanfrench/
2076,/soulcalibur/
2077,/prezoh/
2078,/titanerengf/
2079,/damo1200/
2080,/bandsaboutmovie/
2081,/jdyches/
2082,/bullseyest/
2083,/sanjeet_singh/
2084,/nicholasa113/
2085,/kadino/
2086,/sexualjumanji/
2087,/coreyatad/
2088,/atim2/
2089,/delusions/
2090,/laurie_orla/
2091,/charlamet/
2092,/8bitmurderbot/
2093,/arroe/
2094,/shumps3/
2095,/troyoboyo17/
2096,/jimmyjone/
2097,/ascaryghost/
2098,/cccristiano1/
2099,/thefilmpope/
2100,/j3fcostello/
2101,/hanstn/
2102,/adam75/
2103,/ang3lic/
2104,/michaelbrhoa/
2105,/kappelen/
2106,/silversaxophone/
2107,/killianwicl/
2108,/plaidflannel/
2109,/thenasophiliac/
2110,/andrewfm1987/
2111,/pezespada/
2112,/wilsonlai/
2113,/olivercantfail/
2114,/mjbreuer/
2115,/skythemovieguy/
2116,/majortomwaits/
2117,/djmamajo/
2118,/delizzie/
2119,/chelsrose/
2120,/annodomini/
2121,/dannyboyle/
2122,/robluedtke/
2123,/snowboardjunkie/
2124,/robsntown/
2125,/darthbaker/
2126,/tburnham/
2127,/broadway4me/
2128,/beeragon/
2129,/dcnnasheridan/
2130,/zebra/
2131,/synthscore/
2132,/sc_elly/
2133,/steve909/
2134,/gavmurphy/
2135,/reyskywalkor/
2136,/alexfett22/
2137,/dootch/
2138,/killfinger/
2139,/marieberd/
2140,/cineronin/
2141,/tatianaboyer/
2142,/clarabreen/
2143,/hiddlesvariant/
2144,/earthjump/
2145,/jamiemiller/
2146,/fl34bag/
2147,/broadlock/
2148,/furnas/
2149,/erinbacon/
2150,/frannybaronian/
2151,/scenetalk/
2152,/cjfilm/
2153,/victordubyna/
2154,/danote/
2155,/dreki/
2156,/purplewatcher/
2157,/adrian_ko/
2158,/leonvegas/
2159,/iwittmann/
2160,/peacefuldawn/
2161,/geoffreymcphail/
2162,/luizinhofobic/
2163,/beegproductions/
2164,/ryknight/
2165,/mattmckenzie99/
2166,/2centsplus/
2167,/brianimator_/
2168,/filmheda/
2169,/peterstrahm/
2170,/jakobboewer/
2171,/thatmoviefreak/
2172,/evermorefiims/
2173,/oscarisaacsgf/
2174,/benraimondo/
2175,/tyrannorabbit/
2176,/jrosenbaum2002/
2177,/oljack_burton/
2178,/hanloveshimbos/
2179,/miguelsmr/
2180,/ez_gomez/
2181,/jadenoberkrom/
2182,/cynicalcenobite/
2183,/robotcookie/
2184,/biwinning/
2185,/jhonnidixon/
2186,/extrabeurre/
2187,/f1lmslut/
2188,/meyoan/
2189,/smuckerz/
2190,/rakestraw/
2191,/1snotboy/
2192,/keychain_1989/
2193,/florinscanlon/
2194,/juanpa_brenis/
2195,/themanish89/
2196,/maddxyyy14/
2197,/moviemankev/
2198,/marys/
2199,/daredevllls/
2200,/drstrange110/
2201,/darth_erogenous/
2202,/jonpaula/
2203,/cwazycrowla/
2204,/thoseeyebrows/
2205,/tomcissa/
2206,/tqxidriver/
2207,/supervenice/
2208,/asimpollard/
2209,/danranza/
2210,/damosuzuki/
2211,/learic/
2212,/finalgirl01/
2213,/surferdude/
2214,/wafelweena/
2215,/ingridwillum/
2216,/fridgefinder/
2217,/screami/
2218,/night_shift/
2219,/vince_dimeglio/
2220,/haleysenften/
2221,/zaydentomson/
2222,/saxonmitchell/
2223,/robyyyynix/
2224,/pablovillaca/
2225,/fight_professor/
2226,/moodz616/
2227,/ourfuriosa/
2228,/hatercles/
2229,/filmsbyoliwia/
2230,/allysonroche/
2231,/andycobain/
2232,/batman_lover/
2233,/angiemoreno/
2234,/filmninja27/
2235,/numbnuts666/
2236,/the_bc/
2237,/wallacewells19/
2238,/deepspace9mm/
2239,/kevsounds/
2240,/thedude3445/
2241,/hambo_slice/
2242,/w0ndercinema/
2243,/mrpeepers/
2244,/sm8king/
2245,/sharethesamesky/
2246,/connordenney/
2247,/javicueto/
2248,/danielpseg/
2249,/georgeaehret/
2250,/speederaserhead/
2251,/deepbluefunk/
2252,/velvetrevolv3r6/
2253,/soak0383/
2254,/demygod/
2255,/janaefilms/
2256,/carygrants/
2257,/jhbteam/
2258,/bicncq/
2259,/chvlseahotel/
2260,/jeremiah425/
2261,/kravitz/
2262,/hatchet/
2263,/mirasalp/
2264,/jaspuffin/
2265,/ethanbrant/
2266,/therealbsl/
2267,/chris_trengove/
2268,/medevildead/
2269,/itsprobablykc/
2270,/lengthybread/
2271,/marciosallem/
2272,/nyloraced/
2273,/lamalem_hicham/
2274,/mystic_riverr/
2275,/kattrout/
2276,/foolswhodream/
2277,/sandwichloaf/
2278,/ssssh/
2279,/mondodigital/
2280,/samwnchester/
2281,/jeremysmiles/
2282,/bwozar/
2283,/callawalsh/
2284,/kari_creates/
2285,/warhawk/
2286,/comrie/
2287,/doctorsleepy/
2288,/amxndareviews/
2289,/daisesinautumn/
2290,/katiemitchell/
2291,/houstonion/
2292,/aykroyd/
2293,/jordanbrooks/
2294,/talisencrw/
2295,/wowitsolivia/
2296,/deadmoonnight/
2297,/stormofcuteness/
2298,/tyom/
2299,/advit2203/
2300,/evni/
2301,/danny/
2302,/maedayz/
2303,/wmllmw/
2304,/tessce/
2305,/oxfordcomma/
2306,/pawsitivelykat/
2307,/bobinkafa/
2308,/6c6a6/
2309,/alexkingstons/
2310,/givenchy/
2311,/lyncoln21/
2312,/ziwe/
2313,/lishsloans/
2314,/bajzus/
2315,/kaitss/
2316,/danscully/
2317,/gayandupset/
2318,/elibue/
2319,/mamasgeeky/
2320,/vibrancy/
2321,/solidaritycine/
2322,/deaditegaz92/
2323,/miercolesdecine/
2324,/cherryflvrd/
2325,/kparish/
2326,/moviequeenz/
2327,/katejeffrie/
2328,/lewis666/
2329,/doc_white/
2330,/nickisnotgreen/
2331,/mikflix68/
2332,/dj_keyser/
2333,/earnhardt/
2334,/analysinghorror/
2335,/gunnalingus/
2336,/rubylilia/
2337,/caroo/
2338,/thepieperreview/
2339,/zackcunningham/
2340,/detectivezinc/
2341,/nolanfan12/
2342,/dorzaby/
2343,/fergofalifetime/
2344,/ryan_sutton/
2345,/zcoleman46/
2346,/vycevictus/
2347,/kylecarragher/
2348,/moonlgks/
2349,/shawn_bu/
2350,/xiuxiuxiuxiu/
2351,/kristenswiig/
2352,/almostaghost/
2353,/kendallroylov3r/
2354,/benaffleck/
2355,/popular_opinion/
2356,/pcharnz/
2357,/filmwhorl/
2358,/tomcruise/
2359,/eagan94/
2360,/colorbydeluxe/
2361,/callumjp/
2362,/j7nna/
2363,/rthornhill/
2364,/igornolascorm/
2365,/elmiko_/
2366,/evanac/
2367,/ajkh34/
2368,/hllambis/
2369,/vinnycenzo/
2370,/robdog/
2371,/ryback/
2372,/martinrj/
2373,/ckentelmann/
2374,/reservoirpogs/
2375,/oirichentertain/
2376,/razorrex/
2377,/banditlikeme/
2378,/twincinema/
2379,/madshaus/
2380,/leeza1452/
2381,/winxius/
2382,/taurusvenus/
2383,/strangeharbors/
2384,/whorrorfilm/
2385,/thisisana/
2386,/cinemateq/
2387,/brainlovesfilms/
2388,/paulnewman/
2389,/loganashley/
2390,/filmantrop/
2391,/bloodcafe/
2392,/shiqin00/
2393,/johngudmann/
2394,/maffmanjones/
2395,/manuelmamud/
2396,/jewelm/
2397,/cdwalter226/
2398,/coolhandmax/
2399,/existentialjeny/
2400,/whatitlooklike/
2401,/brian_j/
2402,/thebatz/
2403,/diegotut/
2404,/winsteadreviews/
2405,/flickfanatics/
2406,/smogtown/
2407,/donovansan/
2408,/remobo/
2409,/3la2/
2410,/marysungonz/
2411,/mikeythelad/
2412,/forrrestw2rs/
2413,/mishabeattie/
2414,/moviemanjames/
2415,/anyabo/
2416,/strauss/
2417,/vprento/
2418,/joshlovesmovies/
2419,/djongo/
2420,/cityofstarrs/
2421,/film_brain/
2422,/tenacioustee14/
2423,/saithkar/
2424,/mistyspaulson/
2425,/idlemild/
2426,/adamwaldowski/
2427,/bartonkimball/
2428,/coolgirlgone/
2429,/thegreatmordo/
2430,/zoewiththedots/
2431,/immigrantfilm/
2432,/brendanross/
2433,/rubysfilms/
2434,/dhovanders/
2435,/thereelbits/
2436,/the_greek_geek/
2437,/aliciadaphnex/
2438,/headfallsoff/
2439,/karrie/
2440,/anne_f_/
2441,/johnmckenzie88/
2442,/frankdarko/
2443,/cerseilnstrs/
2444,/zoeyluke/
2445,/pleasestandbys/
2446,/jarrettduncan/
2447,/smarcul/
2448,/sardonicastunof/
2449,/irosch/
2450,/gameplaty/
2451,/jamiecarrick/
2452,/glimmerman96/
2453,/anamedicina/
2454,/50shadesofhay/
2455,/finchsam/
2456,/ciud/
2457,/margotrobble/
2458,/prashprash/
2459,/da_nerd2015/
2460,/evanrh/
2461,/naterichard98/
2462,/charmc/
2463,/john_ruhl/
2464,/gofent/
2465,/8beansoup/
2466,/shao_liu_ringon/
2467,/crisexeflores/
2468,/dylanhastie/
2469,/thesuicidesquad/
2470,/post1000tension/
2471,/alex333/
2472,/jaimemcd/
2473,/pinbacker/
2474,/gizmoooo1/
2475,/jesewehave2cook/
2476,/vanessa/
2477,/josh_beck/
2478,/gunthergoldfish/
2479,/cockroach/
2480,/zollywood/
2481,/screamfilmx/
2482,/marnieking/
2483,/fishfriend/
2484,/gonewolf/
2485,/kianacarpino/
2486,/kylemaclachlan_/
2487,/animationolgist/
2488,/mark_asch/
2489,/mr_whippy/
2490,/randireckless/
2491,/verticallywide/
2492,/inczeption/
2493,/_mohammed_/
2494,/taylormalone/
2495,/moviesarelife1/
2496,/danihellame/
2497,/lukassml/
2498,/predator467/
2499,/lyingonthemoon/
2500,/oneohtrix/
2501,/plagudocta/
2502,/motherindias/
2503,/ghostscript/
2504,/blacklodgebimbo/
2505,/therena/
2506,/goodpostreilly/
2507,/samanthacc/
2508,/thly/
2509,/billylang/
2510,/bloodypancakes/
2511,/anoop_exe/
2512,/the_rock/
2513,/badsmile/
2514,/paperinukke/
2515,/julidavila/
2516,/maddypritchrd/
2517,/leclek/
2518,/umarfaris/
2519,/kevin206/
2520,/idkclau/
2521,/trex888/
2522,/dromagnoli/
2523,/antonrizky/
2524,/jacob_keswick/
2525,/heartsfortaylor/
2526,/officialpippin/
2527,/rustyboi1985/
2528,/sfm8/
2529,/samanthahadara/
2530,/moaby/
2531,/omalleyg/
2532,/sarahmcmullannz/
2533,/moscarbradley/
2534,/valentines/
2535,/pinkdollheart/
2536,/39killersheens/
2537,/fiqryzz/
2538,/eunaclaraeu/
2539,/systembroke/
2540,/jessesp/
2541,/tommysfilms06/
2542,/anoopmama/
2543,/backwardsman/
2544,/sanriowhore/
2545,/elazarta/
2546,/jacktwists/
2547,/alexisbledel/
2548,/punkmunk929/
2549,/reurnedvidotaps/
2550,/wzrdgrl/
2551,/handstomyself/
2552,/nadiaalexeev/
2553,/clapperboards/
2554,/toddtizzle/
2555,/backstagebadger/
2556,/mayaharondror/
2557,/cinecinzia/
2558,/cinecaro/
2559,/hannajaeger/
2560,/gooligan/
2561,/poisntvz/
2562,/ghettonomicon/
2563,/veradrew22/
2564,/nxthan01/
2565,/viewsbyquinn/
2566,/joshohea/
2567,/skidmark/
2568,/mprs/
2569,/swim/
2570,/nxamhduffy/
2571,/elainemays/
2572,/beccalise/
2573,/georgieramone/
2574,/user1660333111/
2575,/craiggles/
2576,/ridethereels/
2577,/ash9399/
2578,/tlawes34/
2579,/jonnegroni/
2580,/danversbf/
2581,/iamspartagus/
2582,/slutlv/
2583,/calebvilla/
2584,/irym/
2585,/haikureviews/
2586,/madymcg/
2587,/mollyxmacabre/
2588,/chickennugget/
2589,/dylanmickanen/
2590,/mitologia/
2591,/cropsy/
2592,/mickeysfilms/
2593,/tomifenili/
2594,/beiklmry/
2595,/kylorens/
2596,/danzelvaughn/
2597,/whalefish/
2598,/kev/
2599,/wayofthecass/
2600,/karl/
2601,/lucifer221/
2602,/dominichemphill/
2603,/layanadelrey/
2604,/surlaroute/
2605,/angelocordeiro/
2606,/moriaunofficial/
2607,/fgdalmeida/
2608,/kevschwa/
2609,/finnyismelting/
2610,/zizyy/
2611,/paulinimax3d/
2612,/laddersnake99/
2613,/sarahwclkers/
2614,/al_consigliere/
2615,/_calicoskies/
2616,/nosebleedhaver/
2617,/tivyb/
2618,/michaelgonzalez/
2619,/florencestignan/
2620,/12pt9/
2621,/street/
2622,/officalcarson/
2623,/nimmuwu/
2624,/paclouden/
2625,/scotthope/
2626,/saint_hooligan/
2627,/michaelpdf/
2628,/ron_elcinefilo/
2629,/stephenbush/
2630,/panji_respati/
2631,/reedagd/
2632,/movie_mike96/
2633,/aidany2k/
2634,/brodiesfilmkrit/
2635,/dozzyrok/
2636,/rodlott/
2637,/cineant/
2638,/ore_f/
2639,/schlockhorror/
2640,/velvetchateau/
2641,/andrews/
2642,/illmakeyoulaugh/
2643,/soumya_98/
2644,/sisyphusspacek/
2645,/paulinelab/
2646,/gerryhartman/
2647,/perritocinefilo/
2648,/benaaa/
2649,/talkinghead/
2650,/tallym/
2651,/jaimegrijalba/
2652,/cwelynn/
2653,/adriaaprietoo_/
2654,/sgtbarnes/
2655,/eternalitytan/
2656,/tommybb/
2657,/greencharlie/
2658,/chadsabourin/
2659,/joshlempert/
2660,/srevello/
2661,/silverpunk/
2662,/anqelika/
2663,/riverssass/
2664,/orchidclub/
2665,/freelunch/
2666,/ryd_my_winona/
2667,/dmartsfilm/
2668,/david/
2669,/mindingthegap/
2670,/kiyxni/
2671,/imketg/
2672,/internalgangsta/
2673,/jennifervega/
2674,/nickvass/
2675,/crickerr/
2676,/tompines/
2677,/paulsenior/
2678,/chylerleigh/
2679,/gloriagloom/
2680,/txmnxwton/
2681,/ashleepradella/
2682,/lou_kicks/
2683,/nuhasuhail/
2684,/owenlarkin/
2685,/clolinski/
2686,/peterh20/
2687,/tobealonelive/
2688,/rbdonstar/
2689,/jotyco/
2690,/danidanadinha/
2691,/veganluke/
2692,/corabellamy/
2693,/lucanreynolds/
2694,/vinvevo/
2695,/cinema_made/
2696,/spencergagnon/
2697,/adamab/
2698,/rosiesmith/
2699,/onderhond/
2700,/cinemole/
2701,/ovolteen/
2702,/nathanisdapper/
2703,/whymark/
2704,/world_princess/
2705,/sombraeletrica/
2706,/bkek1218/
2707,/edkupfer/
2708,/zedcutsinger/
2709,/_stephan_/
2710,/themoviewaffler/
2711,/annabella_08/
2712,/lookinforfilm_1/
2713,/presciient/
2714,/chasereinoehl/
2715,/grimkujow/
2716,/watchinpreacher/
2717,/nurrizqi/
2718,/asfv2002/
2719,/tw_films/
2720,/pry/
2721,/christianknight/
2722,/shospiria/
2723,/ameliap/
2724,/paulduane/
2725,/lorenzol/
2726,/weezerweezer/
2727,/babyhaim/
2728,/cbumaa/
2729,/rafifns/
2730,/insignificance/
2731,/jackwill/
2732,/yongene/
2733,/juliantowers/
2734,/nandabandereal/
2735,/saunderst/
2736,/shanehenry/
2737,/alexmarzona/
2738,/sarajean/
2739,/drewrushline/
2740,/johnnypomatto/
2741,/infernalking/
2742,/damribeiro/
2743,/nofac3/
2744,/damian12/
2745,/armchairc_/
2746,/joshuacurtis/
2747,/quieromorir/
2748,/lastkiss/
2749,/milliegibbo/
2750,/aklingus/
2751,/gokuffy/
2752,/favaandrea/
2753,/rti03/
2754,/djamber/
2755,/kenjfuj/
2756,/diskdevil/
2757,/lsaturn/
2758,/concertjunkie/
2759,/frozeniifan2004/
2760,/cinemole/
2761,/ovolteen/
2762,/nathanisdapper/
2763,/whymark/
2764,/world_princess/
2765,/sombraeletrica/
2766,/bkek1218/
2767,/edkupfer/
2768,/zedcutsinger/
2769,/_stephan_/
2770,/themoviewaffler/
2771,/annabella_08/
2772,/lookinforfilm_1/
2773,/presciient/
2774,/chasereinoehl/
2775,/grimkujow/
2776,/watchinpreacher/
2777,/nurrizqi/
2778,/asfv2002/
2779,/tw_films/
2780,/pry/
2781,/christianknight/
2782,/shospiria/
2783,/ameliap/
2784,/paulduane/
2785,/lorenzol/
2786,/weezerweezer/
2787,/babyhaim/
2788,/cbumaa/
2789,/rafifns/
2790,/fuforthought/
2791,/kjarko/
2792,/melanieduke/
2793,/dvdboxset/
2794,/bresfilms41/
2795,/abishey/
2796,/fwgintoki/
2797,/valleydollss/
2798,/chichobutt89/
2799,/powwow/
2800,/hiimnotmaverick/
2801,/whysofurious/
2802,/isevv/
2803,/brian_salisbury/
2804,/justinwhang/
2805,/frederick0702/
2806,/dorsworth/
2807,/adriii/
2808,/antun234/
2809,/dunya/
2810,/based/
2811,/kissthem4me/
2812,/goldm/
2813,/zeromantis/
2814,/courtthecat/
2815,/filmcapsule/
2816,/campbellgeorge/
2817,/wtfabl/
2818,/hello_sir/
2819,/margotsprestige/
2820,/tvaz/
2821,/adamhubscher/
2822,/alb0/
2823,/dubiouslegacy/
2824,/nonadamanik/
2825,/kmadden80/
2826,/isaacezban/
2827,/wk0603/
2828,/jun_kimmy/
2829,/tsquared/
2830,/snowbit/
2831,/suspirium/
2832,/jmoney18/
2833,/thomasmccallum/
2834,/sammyjreacts/
2835,/sillybarbie/
2836,/kitkitsolo/
2837,/mailboss/
2838,/mehnazzsheriff/
2839,/fractio/
2840,/staarpress/
2841,/j_katzenjammer/
2842,/divers/
2843,/ems_sx/
2844,/ewangleadow/
2845,/randy2themax/
2846,/isramatos/
2847,/chevalier/
2848,/irimiaspetrina/
2849,/andrew12la/
2850,/katrinambarnett/
2851,/timpasta/
2852,/bulgar/
2853,/amygdalaz/
2854,/coiinfarrell/
2855,/bethanymaic/
2856,/daydreamfilms/
2857,/juliafalvey/
2858,/venic3btch/
2859,/burnser/
2860,/j11430/
2861,/bambihepburn/
2862,/victorbonnefoy/
2863,/mythicalkelbeo/
2864,/joethemovieman/
2865,/kaloween/
2866,/obscurecinema1/
2867,/spooncer/
2868,/cecilselwyn/
2869,/andrew_ferguson/
2870,/marshlandz/
2871,/jmayward/
2872,/funneymonkey/
2873,/thehumanlens/
2874,/bobby_gooch/
2875,/bluraybrad/
2876,/cine_addict/
2877,/schneeschatten/
2878,/flodmann123/
2879,/mstewart9753/
2880,/ddibbern/
2881,/tinarchv/
2882,/gregcwik/
2883,/oliveblair/
2884,/cine_matic/
2885,/dimitrisdx/
2886,/ashleyjliao/
2887,/farts_johnson/
2888,/wilfredlucas/
2889,/cinemamonamour/
2890,/gleek/
2891,/parkergehring/
2892,/clatchley/
2893,/claragb/
2894,/projetohessel/
2895,/vraagtekenss/
2896,/lycru/
2897,/readandgeek/
2898,/garmwars/
2899,/m_ethan/
2900,/osaed710/
2901,/marshaa/
2902,/jye91/
2903,/stonepa/
2904,/robin22/
2905,/evyatarhershler/
2906,/justintheroux/
2907,/thegingerprince/
2908,/jerpsberps/
2909,/amandacovre/
2910,/ey2studios/
2911,/towwy/
2912,/candelatt/
2913,/sbsiceland/
2914,/mattellis/
2915,/markkaiserman/
2916,/howatdk/
2917,/chimpus3000/
2918,/alenasmotrit/
2919,/miguelfranco/
2920,/rylancalifornia/
2921,/fishermanjohn/
2922,/thedude27/
2923,/lxepicz/
2924,/martymckee/
2925,/garfussys/
2926,/ntnlmth/
2927,/dancindan/
2928,/dfgmz/
2929,/yozzy_bloke/
2930,/heath_rhoads/
2931,/elizabethgrants/
2932,/marta4/
2933,/treybreen213/
2934,/jacob_merced/
2935,/gman713/
2936,/shane16/
2937,/tylandis/
2938,/gerdshikoffer/
2939,/shaneo632/
2940,/homel_ander/
2941,/juststopyt/
2942,/oliviaday/
2943,/moresbi/
2944,/margra26/
2945,/unholyfiends/
2946,/leeroysayshello/
2947,/lilyhale/
2948,/boxofficepoison/
2949,/jadesmaddy/
2950,/cbmroyale/
2951,/nightnessx/
2952,/mmassias/
2953,/jacobmaxkelly/
2954,/incensevil/
2955,/graveoryx/
2956,/sergegainsbourg/
2957,/deanmfjones/
2958,/fatdudeflicks/
2959,/furrylana/
2960,/mobasshir/
2961,/lukefowler/
2962,/boonmee/
2963,/emily5000/
2964,/anglek/
2965,/mikekrause/
2966,/leahmarilla/
2967,/oswaldomarchi/
2968,/caitblanket/
2969,/stumbleandfall/
2970,/jorgesjr/
2971,/punpuned/
2972,/camipolit/
2973,/elazic/
2974,/stephenfurda/
2975,/leeflix/
2976,/revratesfilms/
2977,/vonsloneker/
2978,/davetcourt/
2979,/aeufo/
2980,/sashajane/
2981,/panos75/
2982,/whosava/
2983,/wednesdaydreams/
2984,/srpntspth/
2985,/sailordanae/
2986,/newtsfilms_/
2987,/andrew_james/
2988,/drivelikeidont/
2989,/miguel_marias/
2990,/toontalks/
2991,/ghosteron/
2992,/ethsnhawke/
2993,/larsaddams/
2994,/mothcub/
2995,/kayky/
2996,/12drue/
2997,/thefranchise/
2998,/lctaylor54/
2999,/lsharrer/
3000,/kerrymaxwell/
3001,/kyrstene/
3002,/todd_complex/
3003,/dragon_needles/
3004,/itszaeok/
3005,/eliaszkd/
3006,/rositi/
3007,/cpj/
3008,/jesstra24/
3009,/keatonk/
3010,/a3robix/
3011,/bastitheend/
3012,/jacolinemaes/
3013,/brunasfilms/
3014,/rat_trina/
3015,/oob/
3016,/bloodbubb1e/
3017,/msperfectlyfine/
3018,/whoischarlotte/
3019,/gorfd/
3020,/landeeznuts/
3021,/dantheman2150ad/
3022,/tatiana_sofia/
3023,/denmark1/
3024,/benjebaggins/
3025,/kibblesmith/
3026,/alex_tremo/
3027,/stefanmoon/
3028,/wonderhall/
3029,/joaquien/
3030,/niallhassett/
3031,/jumblejim/
3032,/shaswataray08/
3033,/bladedrunner/
3034,/chrisemza/
3035,/jayq/
3036,/marioalegre/
3037,/untitledverses/
3038,/paulkleinyo/
3039,/lukehi/
3040,/mars_logs/
3041,/streep/
3042,/dodgyboffin/
3043,/debategod/
3044,/irkthepurist/
3045,/bmerry/
3046,/analovesfilm/
3047,/browsehorror/
3048,/magneto/
3049,/ladydakota/
3050,/bummer_buddy/
3051,/chrisjrosen/
3052,/justsomemodgirl/
3053,/derrickson/
3054,/emkang/
3055,/kaylee92/
3056,/akcvtt/
3057,/starqryen/
3058,/nannicobretti/
3059,/forevertapes/
3060,/ashursey/
3061,/jamesmorison/
3062,/willor/
3063,/rohit76/
3064,/sha11owgrave/
3065,/buttholesurfer/
3066,/vandelay/
3067,/boggycreekog/
3068,/keatonmerrell/
3069,/believememaizey/
3070,/shawnpeer13/
3071,/traab/
3072,/briankinnes/
3073,/nicconoh/
3074,/madrianpl/
3075,/dallashaldune/
3076,/draculauraa/
3077,/henrique05/
3078,/leonihorton/
3079,/hochstrasser/
3080,/aliciabr/
3081,/brunamofu/
3082,/gpu/
3083,/txdrmst/
3084,/armitageshanks/
3085,/wonbeaker/
3086,/bennetto/
3087,/alchimi4/
3088,/siskoid/
3089,/cauly/
3090,/danielm/
3091,/jeannemoreau/
3092,/yungscorsese/
3093,/petermax1moff/
3094,/everyagent/
3095,/narpjay/
3096,/nicksflickpicks/
3097,/filmintuition/
3098,/moriartysam/
3099,/rubenqk/
3100,/itchycoil/
3101,/brandotendie/
3102,/giffey6/
3103,/peytonjb/
3104,/bravo/
3105,/padraigb/
3106,/becca00/
3107,/vegasboy1848/
3108,/orlamango/
3109,/magicoffilm/
3110,/lsmark_/
3111,/martinscortese/
3112,/michael_u/
3113,/hussyhirsch/
3114,/kbertolero/
3115,/khardy/
3116,/velvetchanel/
3117,/dillon_av/
3118,/lightwisdom/
3119,/katrinalouise/
3120,/garrett_brodey/
3121,/simon_pomtree/
3122,/qlxke/
3123,/gibnerd/
3124,/paauul/
3125,/brendanfklein/
3126,/chip/
3127,/cruelangel_/
3128,/outlawcharly/
3129,/piangero/
3130,/cinejosh/
3131,/ben_roberts/
3132,/arielg24/
3133,/eamonthennedy/
3134,/terminall/
3135,/dbfilms13/
3136,/glenndunks/
3137,/beavis208/
3138,/joshhartnett/
3139,/hattieelkington/
3140,/the_summerman/
3141,/nickkocher/
3142,/walterprz/
3143,/gigopodcast/
3144,/cani/
3145,/musain/
3146,/dpatt/
3147,/rianka/
3148,/tculturevulture/
3149,/nerdhub/
3150,/zoeblacklock/
3151,/shanege/
3152,/thebefore/
3153,/chek0v/
3154,/davidvaka/
3155,/iamakku/
3156,/ojeffery/
3157,/filmaticbby/
3158,/smacklesmores/
3159,/hannnlovo/
3160,/stumocker/
3161,/the_undertaker/
3162,/plsdania/
3163,/domthewriter/
3164,/jamie_h11/
3165,/allonsyalonso/
3166,/kevinjacobsen/
3167,/touchbackjack/
3168,/dirk_diggler/
3169,/redappleciggy/
3170,/adrielle19/
3171,/dublincore/
3172,/lemom/
3173,/tanay5/
3174,/josephhagan96/
3175,/crazyhorse/
3176,/justinlanza/
3177,/desvenster/
3178,/kenneldistrict/
3179,/uhhjeepers/
3180,/maddiedrew/
3181,/50sromance/
3182,/spicybongwater/
3183,/azealia/
3184,/t800/
3185,/jabberwockyings/
3186,/blaineward/
3187,/kambole/
3188,/ioriginss/
3189,/xspw02/
3190,/han_solo/
3191,/doting_lyricism/
3192,/benjaflee/
3193,/madmaxine75/
3194,/avesblanca/
3195,/lexiamoriello/
3196,/emmaxb/
3197,/vampirecereal/
3198,/linaoutofspace/
3199,/danitovar/
3200,/johnny81/
3201,/yeetusbrother69/
3202,/raphstetics/
3203,/worstfilmbuff/
3204,/planetdrool/
3205,/mels44/
3206,/lekanepetit/
3207,/alehanbro/
3208,/tyreehoffman/
3209,/reinier_zouw/
3210,/benmcdonald/
3211,/ynevaek/
3212,/dolans/
3213,/bogart_md/
3214,/tehfreddie/
3215,/yoursam/
3216,/eddiewhitejr/
3217,/ridleyrandolph/
3218,/dynash/
3219,/mcbiggus/
3220,/y2kdepp/
3221,/chungkingexp_/
3222,/movieupdate_/
3223,/rakgsr/
3224,/anotheround/
3225,/yuubopp/
3226,/goodjobandrew/
3227,/naomzn/
3228,/vhs_vampire/
3229,/mojohill22/
3230,/kfalk357/
3231,/timothyeraw/
3232,/thisisharvi/
3233,/lucillekelley/
3234,/netodojo/
3235,/tvaziri/
3236,/rahulmenon/
3237,/hartynextdoor/
3238,/etofilmsusa/
3239,/chinar/
3240,/karmstrongkta/
3241,/psychotic/
3242,/quebeck/
3243,/sirvived/
3244,/csmoore221/
3245,/ebag_3/
3246,/gracecabrera/
3247,/jessshiox/
3248,/boof65/
3249,/willremmers/
3250,/apokolipschild/
3251,/themoviepussy/
3252,/danakin85/
3253,/ryanmcswain/
3254,/bbbgtoby/
3255,/tjdonahue919/
3256,/esmecalder/
3257,/je_f8830/
3258,/ejwilliams64/
3259,/shiftless/
3260,/karaa/
3261,/lalosmith01/
3262,/shivanshk/
3263,/mycatisorange/
3264,/ashwindev/
3265,/avavstheworld/
3266,/accountnamehere/
3267,/tryavna/
3268,/acervofilmico/
3269,/ff2400_/
3270,/erunion/
3271,/thelilyankee/
3272,/cinemadelrey/
3273,/petitpoirier/
3274,/madhukar/
3275,/marijavidak/
3276,/likeaglock/
3277,/filmotrope/
3278,/alchemy97/
3279,/dead_cowboy/
3280,/kibeth/
3281,/efolds/
3282,/sebastian_drogo/
3283,/londonmoviefan/
3284,/jerkdad/
3285,/tararua/
3286,/misterpatches/
3287,/kinomensch/
3288,/moviemicah/
3289,/cholzmann/
3290,/persianmonkey/
3291,/nstafford666/
3292,/wittynamehere/
3293,/uncatgems/
3294,/woodsro/
3295,/12angryevelyns/
3296,/gravesends/
3297,/maryjosez/
3298,/filmbratz/
3299,/connormckenna/
3300,/erunion/
3301,/thelilyankee/
3302,/cinemadelrey/
3303,/petitpoirier/
3304,/madhukar/
3305,/marijavidak/
3306,/likeaglock/
3307,/filmotrope/
3308,/alchemy97/
3309,/dead_cowboy/
3310,/kibeth/
3311,/efolds/
3312,/sebastian_drogo/
3313,/londonmoviefan/
3314,/jerkdad/
3315,/tararua/
3316,/misterpatches/
3317,/kinomensch/
3318,/moviemicah/
3319,/cholzmann/
3320,/persianmonkey/
3321,/nstafford666/
3322,/wittynamehere/
3323,/uncatgems/
3324,/woodsro/
3325,/12angryevelyns/
3326,/gravesends/
3327,/maryjosez/
3328,/filmbratz/
3329,/connormckenna/
3330,/hmayersohn/
3331,/724981604398/
3332,/humandude/
3333,/cineologist/
3334,/asdfbatman/
3335,/caitlinrussell/
3336,/danielleloucamp/
3337,/g0neg1rl_/
3338,/servus_man/
3339,/pabneruda/
3340,/tomtvrn/
3341,/mj1317/
3342,/camdensq/
3343,/bill_chambers/
3344,/ezpirited/
3345,/giulee/
3346,/belu_albarracin/
3347,/kurumaisu/
3348,/meliksahtas/
3349,/gingar/
3350,/chris9931/
3351,/clauderoc/
3352,/brianduffield/
3353,/bjorkshandy/
3354,/mwooldridge/
3355,/imthechillalex/
3356,/edwardkelland/
3357,/maybekayleeidk/
3358,/loon1a/
3359,/radskater382/
3360,/uhbecca/
3361,/anyatayiorjoy/
3362,/alexsylvian/
3363,/criminalplaza/
3364,/ariavelz/
3365,/raissalfe/
3366,/xizz/
3367,/kaopun/
3368,/n333ve/
3369,/landenwilliams/
3370,/dionslater/
3371,/spookything/
3372,/mrleecurtis/
3373,/blakepatterson/
3374,/hankofjuly/
3375,/cobracmr4/
3376,/twinkletoeteo/
3377,/jlodeserved2win/
3378,/1brokegirl/
3379,/jmoreau/
3380,/themoviearchive/
3381,/braden_britt/
3382,/neilson1902/
3383,/capnmagik/
3384,/boasberg/
3385,/solitaryparade/
3386,/lewismclaren/
3387,/awesometacular/
3388,/seth89/
3389,/maddiemadison/
3390,/curlyfr_y/
3391,/jordrice/
3392,/danificamento/
3393,/rosie/
3394,/spookybean/
3395,/aurorarorua/
3396,/oguzhank1/
3397,/carxlinv/
3398,/cchalamet/
3399,/raybradbruh/
3400,/bricetwatts/
3401,/20sgatsby/
3402,/princesssleia/
3403,/federicaugh/
3404,/julienfaddoul/
3405,/cate_blanchett/
3406,/thackary/
3407,/m00nstruck/
3408,/milfcinema/
3409,/esqueletosgays/
3410,/satriamustofa/
3411,/joyceheinen/
3412,/interstxllar_/
3413,/movieman81/
3414,/salofamily/
3415,/dessaint/
3416,/bryans/
3417,/sophiekat_/
3418,/caiquepeixoto/
3419,/hellofrank/
3420,/billbria/
3421,/victor2004/
3422,/weaklemondrink/
3423,/rian_prittipaul/
3424,/sophonfilm/
3425,/luiz_lara99/
3426,/phillyfilmfan/
3427,/adamsmovies/
3428,/possiblydylan/
3429,/scottnye/
3430,/tydunn01/
3431,/wisyw/
3432,/afracious/
3433,/that0thergeorge/
3434,/jsyyeung/
3435,/taintedtree/
3436,/theshippingnews/
3437,/vertski/
3438,/hawkshaun/
3439,/ianw/
3440,/jacquelinefilms/
3441,/saintpauly/
3442,/_emilia_/
3443,/theconnor/
3444,/gurman/
3445,/juliusk/
3446,/rhg/
3447,/clubskunk/
3448,/oc124/
3449,/seriouscrisis/
3450,/bigdeepee/
3451,/andrewboydallen/
3452,/redberry74/
3453,/mrz1969/
3454,/brettboon/
3455,/drewmay/
3456,/aussieguy82/
3457,/anewhope/
3458,/jordlyphe/
3459,/doyler29/
3460,/furkan1501/
3461,/mammothmafia/
3462,/katehepburns/
3463,/goobersforguts/
3464,/mermaiddork/
3465,/abortedamyadams/
3466,/adamrooney/
3467,/vivonfilm/
3468,/pintarv/
3469,/willwoodmill/
3470,/hatefuljosh/
3471,/rsthilaire/
3472,/the_blacklodge/
3473,/film_illiterate/
3474,/rushe/
3475,/max_radtke/
3476,/groovygoose/
3477,/dda1996a/
3478,/davidlawn16/
3479,/nikai/
3480,/etoad75/
3481,/cachtice/
3482,/calebh92/
3483,/themanofsteel/
3484,/gloriabeatty/
3485,/danixrochelle/
3486,/nikhil1004/
3487,/isa01/
3488,/tylervann/
3489,/himartinson/
3490,/panwa6601/
3491,/mackpruden/
3492,/haavvvaa/
3493,/moxleyox/
3494,/contracampo100/
3495,/jjoey/
3496,/benly/
3497,/wkyywen/
3498,/emmadoster/
3499,/cinemablade/
3500,/sethhouseholder/
3501,/bauti/
3502,/mattcrosby/
3503,/bybowes/
3504,/wexmick/
3505,/screamussy/
3506,/televised/
3507,/junjunny/
3508,/missaird/
3509,/henryewing/
3510,/otherground/
3511,/thomas_007/
3512,/snowboiiii/
3513,/realmaryshelley/
3514,/diegocoya/
3515,/reggielampert/
3516,/thejosiemarie/
3517,/doffy/
3518,/bielecky/
3519,/girljoys/
3520,/bvs2016/
3521,/danburden1138/
3522,/ananoor/
3523,/filmscores/
3524,/jrkeating/
3525,/wowzachloe/
3526,/ethanjame/
3527,/tubular_bro/
3528,/ratism/
3529,/coffeeaddict_/
3530,/toshio/
3531,/nonewillmourn/
3532,/marceloparedes/
3533,/poritsky/
3534,/markmarshall/
3535,/ohughes86/
3536,/gabriel_afp/
3537,/lostinstyle/
3538,/bogs02/
3539,/nancyaaa/
3540,/catinmybrain/
3541,/richardgallon/
3542,/avagardners/
3543,/touristshirt/
3544,/noah_biondi/
3545,/rpeters/
3546,/perk1234/
3547,/windsie/
3548,/alextromagnetic/
3549,/subkhanaamir/
3550,/horrorsmith/
3551,/celluloidsleaze/
3552,/sagegreendreams/
3553,/cinematicreel/
3554,/edgard713/
3555,/stevententacion/
3556,/soyunapringada_/
3557,/scaredbisexual/
3558,/jpiklor/
3559,/yloveeverything/
3560,/kuroogoth/
3561,/robynkelp/
3562,/bellecotters/
3563,/jedrek/
3564,/cjarosinski/
3565,/pimpdaddykhalil/
3566,/fredrikfyhr/
3567,/eku1/
3568,/jsp00k/
3569,/jolievoight/
3570,/milliegrrr/
3571,/elcobalto/
3572,/mysterio221b/
3573,/isvi_adoniram/
3574,/kayemayol/
3575,/thestarwarrior/
3576,/ladyl/
3577,/sameytram/
3578,/hxnnxhlynn/
3579,/lumpyllama/
3580,/gina16/
3581,/staygld/
3582,/slavewire/
3583,/silkandskin/
3584,/theresebeiivet/
3585,/phoenixrivers/
3586,/mgarrett/
3587,/boom/
3588,/mallory_andrews/
3589,/moviemattmovie/
3590,/posnrg/
3591,/therewillbeblud/
3592,/thejonathansim/
3593,/playstationvita/
3594,/yellowthekid/
3595,/squidgygoat/
3596,/reblazar11/
3597,/cinemagazine/
3598,/russellgoldman/
3599,/davoarid/
3600,/birdgrandma/
3601,/hollywoodsdead/
3602,/calvindemmer/
3603,/manilanight/
3604,/fozrotten/
3605,/fpsryan/
3606,/iwatch/
3607,/vanz_cinephile/
3608,/philmovie95/
3609,/ooah02/
3610,/jimmyutah/
3611,/humzaakbar/
3612,/jpmclovin/
3613,/robbbbbbie/
3614,/trevormatteson/
3615,/alexaplaynikes/
3616,/neilmescal/
3617,/burnpineperish/
3618,/bloodygoodjune/
3619,/laurajacoves/
3620,/michaelcollado/
3621,/cgstwotwo/
3622,/harryswanny/
3623,/montelovato/
3624,/giathefreak/
3625,/wonggifs/
3626,/amoseduard/
3627,/zibywiby/
3628,/filmlifestyle/
3629,/cgregware13/
3630,/jenessaamber/
3631,/vividvivian/
3632,/cinnamonsloth/
3633,/bausuke/
3634,/notjro/
3635,/cohenschmoen/
3636,/admiringcinema/
3637,/jakehageman/
3638,/dark_gissell/
3639,/godlytoddler/
3640,/ctplante/
3641,/eddieberry/
3642,/moviaddict101/
3643,/southernvision/
3644,/cpine/
3645,/headhunter666/
3646,/shilial/
3647,/cinemaviscera/
3648,/theoperator/
3649,/indiavalentina/
3650,/foomaj/
3651,/socialanigirl/
3652,/3lectricv/
3653,/tavarespedro/
3654,/notoriouslynora/
3655,/the_great_owl/
3656,/hevige/
3657,/juleslarson/
3658,/saylesman28/
3659,/presslie/
3660,/watchingamovie/
3661,/debzhou/
3662,/caseygeiger/
3663,/vmelkv/
3664,/zott04/
3665,/hocogrande/
3666,/meg_hain/
3667,/1andonlynabk/
3668,/elijah_quinn/
3669,/mattmav45/
3670,/boyeatsmoon/
3671,/elijah115/
3672,/pedrohzml/
3673,/lucasmarco/
3674,/shaheerjpeg/
3675,/yanikasu/
3676,/willhollon14/
3677,/bguffalo/
3678,/signalbleed/
3679,/galpalkirk/
3680,/dgigd/
3681,/bhilibweinman/
3682,/patrickorr/
3683,/madison_surrett/
3684,/fapm/
3685,/orpheestmort/
3686,/evan_asian97/
3687,/louis2001/
3688,/okayclaire/
3689,/isladeluca/
3690,/gabttap/
3691,/harry72/
3692,/curtymcdervs/
3693,/ykg/
3694,/spencerfreak/
3695,/amayacarax/
3696,/serenditpity/
3697,/chris_firefly/
3698,/dilfism/
3699,/scorsesejr/
3700,/bigjonbowski/
3701,/zacharymewborn2/
3702,/movieguyisme/
3703,/ebenantar/
3704,/batbunuel/
3705,/kateyrich/
3706,/tbouwh/
3707,/gorphead57/
3708,/hssnozdagg/
3709,/criticall/
3710,/jakeadampitre/
3711,/balontuzbee/
3712,/omar51/
3713,/camerontzky/
3714,/mjlavender/
3715,/abbbyr0ad/
3716,/felixhubble/
3717,/wessex/
3718,/jaspersfilms/
3719,/prateek_joseph/
3720,/blake64/
3721,/zackpeters_/
3722,/horrorlesbo/
3723,/caseyrxid/
3724,/mrmajortom/
3725,/willthethrill/
3726,/declann/
3727,/confrank/
3728,/britafox/
3729,/rickbman/
3730,/vogels/
3731,/mdon909/
3732,/dorkswalmart/
3733,/gilmoregiri/
3734,/justinrizo/
3735,/venusbarbie/
3736,/masondee/
3737,/caller109/
3738,/ishan/
3739,/rmcconnell24/
3740,/gargusscp/
3741,/moviedan82/
3742,/lolomcfloflo/
3743,/criciumago/
3744,/blacknerdmagic/
3745,/ceciliastjames/
3746,/bpspurs/
3747,/scrambledface/
3748,/spicy_nugget/
3749,/mrcarryon/
3750,/isabriela/
3751,/winniep00n/
3752,/akeller98/
3753,/easonbasil/
3754,/sparklised/
3755,/devangpathak/
3756,/christabxlla/
3757,/lchiasson/
3758,/deadpegasus/
3759,/andyremo/
3760,/bmilot56/
3761,/jspartan1/
3762,/andafterthatnet/
3763,/playforforever/
3764,/noahk03/
3765,/astro_/
3766,/ller/
3767,/jaredscottlewis/
3768,/spencerkain_/
3769,/purekeanu/
3770,/firstclass/
3771,/aarondicer/
3772,/after_credits/
3773,/ewarren17/
3774,/mr_ugli/
3775,/colinfarrell_/
3776,/thegiantclaw/
3777,/coolhandfluke/
3778,/squidnthewoods/
3779,/mrsneakyman/
3780,/hystoriq/
3781,/slicesofcake/
3782,/roman_arbisi/
3783,/ianshade/
3784,/sophieshin/
3785,/avinod_/
3786,/lesbiangay/
3787,/vincelegeek/
3788,/monalisykes/
3789,/zuhair/
3790,/lazybonesinc/
3791,/teamboby/
3792,/tobehonest/
3793,/c3brio/
3794,/luis_989/
3795,/hk258/
3796,/jaron/
3797,/daniil333/
3798,/eltopo68/
3799,/kstroom/
3800,/misjaoostdijk/
3801,/funkyez/
3802,/jules_thurlow/
3803,/joshua6835/
3804,/animatedantic/
3805,/patriksandberg/
3806,/lotrfan2003/
3807,/than/
3808,/nonfiction/
3809,/kielan/
3810,/codycorrall/
3811,/parkerbrennon/
3812,/fruitfairy/
3813,/jon393e/
3814,/claycollins/
3815,/yellowtruck/
3816,/connorrapp/
3817,/dirtybellbottom/
3818,/legitinate/
3819,/craiglumley/
3820,/connor_mcla/
3821,/jcolengey/
3822,/brooklynh/
3823,/kinavan_films/
3824,/gregory_taylor/
3825,/absurdhero/
3826,/framingthepic/
3827,/hershal/
3828,/squirrelburger/
3829,/sidneyshear/
3830,/yogeshchhikara/
3831,/cdyer/
3832,/sydvicious/
3833,/cinemalinea/
3834,/term1nator/
3835,/nuriaxo/
3836,/parrentaccount/
3837,/oasisawais/
3838,/richardlawson/
3839,/kyania43/
3840,/johannas/
3841,/hellohildy/
3842,/tederick/
3843,/darboleda/
3844,/yashk98/
3845,/turbosnor/
3846,/kevinfaul/
3847,/sfahey/
3848,/alexkar/
3849,/cinemamortal/
3850,/andrewfrye/
3851,/jaynemansfield/
3852,/ruelumbroso/
3853,/d4rthskywalk3r/
3854,/jelleboos/
3855,/ruz_el/
3856,/blakestakes/
3857,/donquixote616/
3858,/chrisquinn/
3859,/joshuabriond/
3860,/robsilva97/
3861,/shelbyboring/
3862,/cinemeh/
3863,/barracudas/
3864,/natethecyborg/
3865,/jscottamy/
3866,/obliviousjake/
3867,/iglian/
3868,/nightowlwinslow/
3869,/cediii/
3870,/cgenro/
3871,/viintagefilm/
3872,/kelaina/
3873,/thomasemmet/
3874,/lucasbigode/
3875,/jules_winnfield/
3876,/canalizo/
3877,/celilia/
3878,/w0cks/
3879,/nyxfears/
3880,/ereh_/
3881,/couchpod/
3882,/sindt417/
3883,/ryan_oliver/
3884,/lecook/
3885,/colinsulin/
3886,/marwan_bobssi/
3887,/lexiemcninch/
3888,/angelasndk/
3889,/badobriens/
3890,/hockeyfan15/
3891,/firewalkwithz/
3892,/jo_marsh/
3893,/gerwigbarbie/
3894,/mosdeaf/
3895,/arnoldfurious/
3896,/tomcapper/
3897,/devinrkive/
3898,/pilgrim945/
3899,/roshay/
3900,/se13an/
3901,/winther/
3902,/forrestc/
3903,/franbot41/
3904,/kylejunt/
3905,/mightygil/
3906,/gh0stman/
3907,/bensears/
3908,/1bl15/
3909,/antimoik/
3910,/notsoap/
3911,/deadpoetsociety/
3912,/tylergfoster/
3913,/gregalston95/
3914,/lukesreviews/
3915,/samcrom/
3916,/beckydarke/
3917,/lagoonablu3/
3918,/privatsprache/
3919,/fr0zenf00d/
3920,/aliciajasmine/
3921,/auk_rest/
3922,/twan/
3923,/jokerfokke/
3924,/melncholia/
3925,/apexpredator_mk/
3926,/gab_landrini/
3927,/hz/
3928,/steevee/
3929,/binkydork/
3930,/scifihero/
3931,/tina_docx/
3932,/plifal/
3933,/beanbagsflicks/
3934,/eletrust/
3935,/kyleconic/
3936,/sourbeak/
3937,/kip20koen/
3938,/kenji1/
3939,/caseyaonso/
3940,/orlminol/
3941,/billyarundell/
3942,/mcrhineer/
3943,/justacow/
3944,/marcelomiranda/
3945,/strawhatsanti/
3946,/comosedice/
3947,/barracuda/
3948,/jackpaterson/
3949,/sammmy69/
3950,/tuco_/
3951,/francolmao/
3952,/nostalgics/
3953,/jimmyoc/
3954,/harryfilm/
3955,/pedrosazevedo/
3956,/kaylaphaneuf/
3957,/rheeses_puffs/
3958,/masongraves_/
3959,/itsnumberjuan/
3960,/fabischfactor/
3961,/chungkngexpress/
3962,/campbellhink/
3963,/xvalcal/
3964,/matchcuts/
3965,/mjoseph492/
3966,/lola_bli/
3967,/ballmoss/
3968,/maura_pop/
3969,/bylola/
3970,/ike_/
3971,/filmcrithulkfr/
3972,/kevin2803/
3973,/danielamedd/
3974,/sweattarts/
3975,/romanromance/
3976,/matiboy_/
3977,/chrisstuckmann/
3978,/fares1992/
3979,/softpine/
3980,/mitchxsns/
3981,/1andonlyanthony/
3982,/jonahwho665/
3983,/anasitani/
3984,/ginastudio/
3985,/audipenny/
3986,/timrobbins/
3987,/d_rcy/
3988,/stevenhyden/
3989,/radreviewz/
3990,/spookychild/
3991,/movirunner/
3992,/mad_hende/
3993,/ambivalentman/
3994,/ailur0s/
3995,/tomsteffler/
3996,/chris1992/
3997,/scottstreet/
3998,/uncutrobcast/
3999,/drwade42/
4000,/gageclift/
4001,/marcelthechamp/
4002,/bongjoonhos/
4003,/memphisheat/
4004,/seancoates/
4005,/frp225/
4006,/ethanscalione/
4007,/decinqasept/
4008,/shorts/
4009,/shelovesfilms/
4010,/yeliab15/
4011,/okaysayer/
4012,/soupydoupyy/
4013,/chaseazarian/
4014,/jonathanlb12/
4015,/mrapc/
4016,/cameronwjohnson/
4017,/mszoeyrose/
4018,/20thcenturybarb/
4019,/gabby__/
4020,/krispistole/
4021,/drive2011/
4022,/jdtheprezodent/
4023,/yuvalmio1/
4024,/totalrektcall/
4025,/jackkirsch/
4026,/noahgittell/
4027,/weiliheng/
4028,/quickdrawkiddo/
4029,/hejjlinnea/
4030,/omer_bright/
4031,/emergencyhugs/
4032,/potatox/
4033,/tdogfilms/
4034,/jenastone93/
4035,/whittingham96/
4036,/alowe16/
4037,/crimsonsplash/
4038,/janelleabdo/
4039,/samofthenight/
4040,/rachelbea/
4041,/elduderino81/
4042,/girlsblood/
4043,/cinemasix/
4044,/dok/
4045,/eulucasg_/
4046,/robotpolarbear/
4047,/george_napper/
4048,/daisyxhead/
4049,/horrorfan/
4050,/johannas/
4051,/hellohildy/
4052,/tederick/
4053,/darboleda/
4054,/yashk98/
4055,/turbosnor/
4056,/kevinfaul/
4057,/sfahey/
4058,/alexkar/
4059,/cinemamortal/
4060,/andrewfrye/
4061,/jaynemansfield/
4062,/ruelumbroso/
4063,/d4rthskywalk3r/
4064,/jelleboos/
4065,/ruz_el/
4066,/blakestakes/
4067,/donquixote616/
4068,/chrisquinn/
4069,/joshuabriond/
4070,/robsilva97/
4071,/shelbyboring/
4072,/cinemeh/
4073,/barracudas/
4074,/natethecyborg/
4075,/jscottamy/
4076,/obliviousjake/
4077,/iglian/
4078,/nightowlwinslow/
4079,/cediii/
4080,/isamather/
4081,/inkylewetrust1/
4082,/midzilla/
4083,/burbufilms/
4084,/thatspyisaspy/
4085,/higginssf/
4086,/draculavoice/
4087,/realconnorroy/
4088,/nonamelegend/
4089,/radbradh/
4090,/barbrastreistan/
4091,/erikasdumb/
4092,/ratjacko/
4093,/batz/
4094,/jazorozco/
4095,/connerrwood/
4096,/k_asey/
4097,/dratiko/
4098,/gabogb/
4099,/laerteas/
4100,/gregoirecanvel/
4101,/ma3stro/
4102,/cambrkr_/
4103,/gasaimags/
4104,/keomanullzwei/
4105,/ronniegardocki/
4106,/bohden/
4107,/a0dbxza/
4108,/jdavidconner/
4109,/courtneyfox/
4110,/pandora4/
4111,/vizzzy/
4112,/ajp0903/
4113,/extremebelg/
4114,/falsebinary/
4115,/nihilism/
4116,/oswarren/
4117,/eastcommanoah/
4118,/jonnydogs/
4119,/joshnation/
4120,/russon92/
4121,/matthewcutchen/
4122,/qbort/
4123,/noahbmaniac/
4124,/thelybrarian/
4125,/ummagumma/
4126,/jennyleighx33/
4127,/memesyagever/
4128,/florencepr/
4129,/cinephilenikhil/
4130,/peasoupprincess/
4131,/j_uliarg/
4132,/sherlock_alexi/
4133,/vhscreep/
4134,/boonhogwylde/
4135,/mincroff93/
4136,/starchasing/
4137,/femmecamp/
4138,/doublestufseven/
4139,/bjones1297/
4140,/maexerys/
4141,/lustforfilm/
4142,/gsy2/
4143,/solharv/
4144,/jwr_iv/
4145,/chancepryor/
4146,/anny/
4147,/royan/
4148,/mfwspew/
4149,/kenthecritic/
4150,/barnloaf/
4151,/rant1229/
4152,/pastanoodl/
4153,/rowboatkopp/
4154,/murphyk/
4155,/caseyleeclark/
4156,/nafees/
4157,/wokleee/
4158,/diegobatlle/
4159,/fenevar/
4160,/gabeg/
4161,/martamcfly/
4162,/anubhav2804/
4163,/abbigailjuniper/
4164,/tramorria/
4165,/orensoffer/
4166,/artjomrodin/
4167,/kennfluence/
4168,/kalebkoho/
4169,/watchedbyraj/
4170,/nellodeangelis/
4171,/colerbacky/
4172,/ryanvillaluz/
4173,/laurence/
4174,/jocemgg/
4175,/mirandawhy/
4176,/blasterssolo/
4177,/syafril14/
4178,/niceguy67/
4179,/zachk/
4180,/witchgoboating/
4181,/hirzch/
4182,/chmoe97/
4183,/joeschmoe/
4184,/antwine/
4185,/pt99/
4186,/kayla1618/
4187,/ratingbull/
4188,/riverpheonix/
4189,/loxliki05/
4190,/wavetoeart/
4191,/drew_casling/
4192,/imgay/
4193,/crimsonking42/
4194,/brunoy791/
4195,/livingdeadyke/
4196,/fish_toupee/
4197,/cronono/
4198,/vicxno/
4199,/dannywalter4/
4200,/markcira/
4201,/hollyrobsonnx/
4202,/drmorbius79/
4203,/simianjimmy/
4204,/seamickey/
4205,/alen99/
4206,/superargo75/
4207,/janefondas/
4208,/jqde/
4209,/jack4901/
4210,/danascullys/
4211,/edatlin/
4212,/notthewhostommy/
4213,/jay_psd/
4214,/ventura_blvd/
4215,/dustinvuong/
4216,/therealbat/
4217,/mikekennedy/
4218,/imnotbutera/
4219,/artqutility/
4220,/wilkins/
4221,/homodemen/
4222,/graysona/
4223,/maxroux/
4224,/laurenjanec/
4225,/johnconn/
4226,/marty2015mcfly/
4227,/enjillraz/
4228,/baradwaj_rangan/
4229,/bionicstudios/
4230,/jerstonfilm/
4231,/nalbis/
4232,/hayleyelisa/
4233,/gracielamae/
4234,/jbayley/
4235,/pastormattr/
4236,/keeganwalker15/
4237,/jlighting/
4238,/criticalme/
4239,/l1ly_/
4240,/camimovies/
4241,/katierife/
4242,/svalbard/
4243,/mellowdanne/
4244,/hegon/
4245,/magnoliamoon/
4246,/jessiek/
4247,/ollybishop/
4248,/teenwoolf/
4249,/deljury/
4250,/jamesreivax/
4251,/jacobus24/
4252,/themoviebadger/
4253,/patrickprez/
4254,/martysflagon/
4255,/matthewpchen/
4256,/yaanu/
4257,/alteredcakes/
4258,/clutchcinema/
4259,/thiago85/
4260,/solid_fantasy/
4261,/_imjustken_/
4262,/thejulytree/
4263,/toadgaminggomar/
4264,/hollowbody/
4265,/boyega/
4266,/wrymereo/
4267,/delainajaymie/
4268,/jcornelius3/
4269,/dianaprinceisbi/
4270,/realdadbutt/
4271,/elsnoteleven/
4272,/dogstarmann/
4273,/ouliana/
4274,/harryw_25/
4275,/gizemmm/
4276,/dorothybox/
4277,/thedude1973/
4278,/etan_weisfogel/
4279,/sundiserite/
4280,/jack1704/
4281,/htridgway/
4282,/bills90/
4283,/iamjesssssica/
4284,/niels_chp/
4285,/p00p/
4286,/chalametbale/
4287,/andrewswafford/
4288,/joeb123/
4289,/ivica_pusticki/
4290,/muscala/
4291,/fordza14/
4292,/mariaeugenia/
4293,/theburningclem/
4294,/elliereviews/
4295,/shritan/
4296,/tonestirade/
4297,/clemoukk/
4298,/chefjeff/
4299,/connoronnoc/
4300,/mycathasanxiety/
4301,/katalas/
4302,/d1rected_by__nb/
4303,/jadu/
4304,/cowshea/
4305,/yugiohmachinima/
4306,/asxhes/
4307,/wormwould/
4308,/afilmdude/
4309,/notableindie/
4310,/flis04/
4311,/filmgirlthot/
4312,/basicallylam/
4313,/shaunaohh/
4314,/ridley327/
4315,/_yeast_/
4316,/planton/
4317,/zahmed/
4318,/harleyfilms/
4319,/kirk_/
4320,/jilliana/
4321,/unclenugget/
4322,/emapolve/
4323,/calverdos/
4324,/createnopain/
4325,/oluuajayi/
4326,/anchron/
4327,/axxonn/
4328,/unsocialnetwork/
4329,/rpj/
4330,/jamespotter_/
4331,/mfystro/
4332,/inga_stb/
4333,/annagrajales/
4334,/bodyboy/
4335,/grandmaster2099/
4336,/syrock/
4337,/jemreviews/
4338,/tarontula/
4339,/iamsahin/
4340,/vasanthan/
4341,/lwvyv/
4342,/chanty/
4343,/cocaineonice/
4344,/moviemattk/
4345,/barbiechlmt/
4346,/stf20/
4347,/doctorfell/
4348,/lak_sivrak/
4349,/michaelshannon/
4350,/violawnslt/
4351,/aseriousdan/
4352,/portamento/
4353,/acritic/
4354,/mody98/
4355,/joemonster/
4356,/filmnotesnw/
4357,/stardustries/
4358,/thomas_atreides/
4359,/lizzmangan97/
4360,/joexxandrews/
4361,/eiganerd/
4362,/kazikate/
4363,/joshsfilms/
4364,/blownout/
4365,/dg_reviews/
4366,/genarowlands/
4367,/kfrederick97/
4368,/jaebearhat/
4369,/cigarettes/
4370,/p00dini/
4371,/fmallarii/
4372,/tommymb98/
4373,/megamiind/
4374,/siennad/
4375,/ian____/
4376,/agostinita/
4377,/sohni/
4378,/isabelle29/
4379,/thejohnnybrando/
4380,/arhodes/
4381,/allonsygui/
4382,/ferreteiro/
4383,/troypeterson/
4384,/mitchanderson/
4385,/clawsonm/
4386,/007hertzrumble/
4387,/kaiayamamoto/
4388,/qsykho/
4389,/brandonulrich/
4390,/marcesegovia/
4391,/littlehorrorphl/
4392,/danialzabihi/
4393,/hiddlestorgasm/
4394,/jledbetteriii/
4395,/luisbel444/
4396,/beebrunelle/
4397,/take_4/
4398,/bigtunaonfilm/
4399,/nocturna_/
4400,/8osfilms/
4401,/realhorrorshow/
4402,/denny_crane/
4403,/jomappen/
4404,/dale_a/
4405,/sharathsriv/
4406,/oliviacolman/
4407,/jayyuddin/
4408,/karimmhmd/
4409,/folksuspiriorum/
4410,/dpalm34/
4411,/spacecowboyss/
4412,/thecityofstars/
4413,/anotherkylel/
4414,/fanboymario/
4415,/joshalexander/
4416,/tobiesslo92/
4417,/robcroon/
4418,/timmal/
4419,/coheed/
4420,/malcolm1980/
4421,/photovehement/
4422,/nmahoney416/
4423,/tcvs/
4424,/ocdv/
4425,/cblaze/
4426,/lyonnes/
4427,/equidem/
4428,/hollymurney/
4429,/a_mac1992/
4430,/tigbimmy/
4431,/masuddevilliers/
4432,/haylielol/
4433,/missviolence/
4434,/ssadhamsster/
4435,/pedropascalss/
4436,/insidelusmind_/
4437,/frozenpandaman/
4438,/pistaker/
4439,/overmayor/
4440,/skyzar/
4441,/theactualjase/
4442,/linaromay/
4443,/_camille_/
4444,/jorgeam657/
4445,/dhruul/
4446,/film4brains/
4447,/laurenandrews/
4448,/seanmcg/
4449,/violetmahayla/
4450,/amandaquerz/
4451,/as3d/
4452,/smer/
4453,/cern1710/
4454,/emilygrafton/
4455,/cahr/
4456,/sir_tone/
4457,/thebadslandx/
4458,/bowlognese/
4459,/gabriellahughes/
4460,/sebasidc/
4461,/vadimbogdanov/
4462,/gildedkage/
4463,/joshjommen/
4464,/caitwr/
4465,/jodiefoster/
4466,/vbally28/
4467,/morgan_lightle/
4468,/mjroberts97/
4469,/wallywood/
4470,/chorake/
4471,/ansonlovesfilm/
4472,/corrythemisfit/
4473,/zach_nabors/
4474,/donmayjr/
4475,/ewan_m/
4476,/edwardasnl/
4477,/leslies_cute_/
4478,/cazzyl/
4479,/samdw01/
4480,/devilmaycry5/
4481,/schneeland/
4482,/diegoluna/
4483,/thinkfast/
4484,/ozols/
4485,/cinemay/
4486,/vikramtapadia/
4487,/charas/
4488,/xavisanchezpons/
4489,/gabrmachado/
4490,/icarlylc/
4491,/vanhalen0515/
4492,/bethsousa666/
4493,/r_santana2024/
4494,/rko_chester/
4495,/manosmagic/
4496,/advillavigne/
4497,/rhiannoncl03/
4498,/valthemovieguy/
4499,/mothrabong/
4500,/mdechirico/
4501,/aya/
4502,/itsrebeccam/
4503,/ilovekenrussell/
4504,/jetsetmovieo/
4505,/katschmitz/
4506,/cahiers/
4507,/adrienne_bc/
4508,/vandy_price/
4509,/mattydraps/
4510,/legotrillermoth/
4511,/marisa_tamayo/
4512,/camzoog/
4513,/jackrask0v1ch/
4514,/binro/
4515,/hunt4spook/
4516,/wfterstrode/
4517,/davidc888/
4518,/ashearlo/
4519,/thewanderinsoul/
4520,/gardy/
4521,/mandoj54/
4522,/eggz/
4523,/vanguarddd/
4524,/madeline2818/
4525,/ireneb/
4526,/shrekfart/
4527,/filmforher/
4528,/malinkymax/
4529,/queenbowie/
4530,/mightymothra/
4531,/zombfart/
4532,/jakeenglish/
4533,/ianlindsey/
4534,/hediland/
4535,/aysenurb/
4536,/swayyamm/
4537,/itsantoine/
4538,/rachelstrathdee/
4539,/jayshermanstink/
4540,/smallpaul/
4541,/fleahag/
4542,/englishpsycho/
4543,/compi24/
4544,/micagiaconi/
4545,/paulmescals/
4546,/chris_coke/
4547,/finelines/
4548,/weird_paul/
4549,/judeflowerdew/
4550,/__matheus__/
4551,/yasmeenfletcher/
4552,/annbnny/
4553,/katiesummer/
4554,/msmlroberts/
4555,/noahdh/
4556,/moymub/
4557,/peterthefilmfan/
4558,/reelman/
4559,/grslive/
4560,/wesparks2/
4561,/cnewberryy/
4562,/jackhoward/
4563,/blade57/
4564,/tittytwister/
4565,/hipsterdas11h/
4566,/allisonpregler/
4567,/burksta/
4568,/goldilocks420/
4569,/lamanieducinema/
4570,/reservdogs/
4571,/cfreezy11/
4572,/michaelmohan/
4573,/thecloser79/
4574,/emilioriosa/
4575,/teejslipko/
4576,/bunnyvamp/
4577,/xavrodz/
4578,/mnkway/
4579,/fmaf/
4580,/sarkriti/
4581,/lightfantastic/
4582,/kcjoe80/
4583,/pdxbridgebum/
4584,/shookthhh/
4585,/ilaughalone/
4586,/oldboy871/
4587,/brandanripley/
4588,/jontelly/
4589,/donnyb/
4590,/isobeldiviny/
4591,/edsbian/
4592,/chrissweet1967/
4593,/ephron/
4594,/bilderrahmen/
4595,/charlotterobert/
4596,/hoffbeast/
4597,/punyeet/
4598,/maxroedel/
4599,/marinelgls/
4600,/ajreacts2/
4601,/drbeesmd/
4602,/evazsz/
4603,/gamaggioli/
4604,/stankshadow/
4605,/caviii/
4606,/hrzvzn2/
4607,/wizzywill/
4608,/lucasnn/
4609,/slionscricket/
4610,/sibelius/
4611,/spunkburrito/
4612,/goldenarrow74/
4613,/katereviewsfilm/
4614,/luidematos/
4615,/jeremy_urquhart/
4616,/quint75/
4617,/thespotlessmind/
4618,/gravitynaut/
4619,/julielovesfilm/
4620,/isobeldiviny/
4621,/edsbian/
4622,/chrissweet1967/
4623,/ephron/
4624,/bilderrahmen/
4625,/charlotterobert/
4626,/hoffbeast/
4627,/punyeet/
4628,/maxroedel/
4629,/marinelgls/
4630,/ajreacts2/
4631,/drbeesmd/
4632,/evazsz/
4633,/gamaggioli/
4634,/stankshadow/
4635,/caviii/
4636,/hrzvzn2/
4637,/wizzywill/
4638,/lucasnn/
4639,/slionscricket/
4640,/sibelius/
4641,/spunkburrito/
4642,/goldenarrow74/
4643,/katereviewsfilm/
4644,/luidematos/
4645,/jeremy_urquhart/
4646,/quint75/
4647,/thespotlessmind/
4648,/gravitynaut/
4649,/julielovesfilm/
4650,/jerstonfilm/
4651,/nalbis/
4652,/hayleyelisa/
4653,/gracielamae/
4654,/jbayley/
4655,/pastormattr/
4656,/keeganwalker15/
4657,/jlighting/
4658,/criticalme/
4659,/l1ly_/
4660,/camimovies/
4661,/katierife/
4662,/svalbard/
4663,/mellowdanne/
4664,/hegon/
4665,/magnoliamoon/
4666,/jessiek/
4667,/ollybishop/
4668,/teenwoolf/
4669,/deljury/
4670,/jamesreivax/
4671,/jacobus24/
4672,/themoviebadger/
4673,/patrickprez/
4674,/martysflagon/
4675,/matthewpchen/
4676,/yaanu/
4677,/alteredcakes/
4678,/clutchcinema/
4679,/thiago85/
4680,/jerstonfilm/
4681,/nalbis/
4682,/hayleyelisa/
4683,/gracielamae/
4684,/jbayley/
4685,/pastormattr/
4686,/keeganwalker15/
4687,/jlighting/
4688,/criticalme/
4689,/l1ly_/
4690,/camimovies/
4691,/katierife/
4692,/svalbard/
4693,/mellowdanne/
4694,/hegon/
4695,/magnoliamoon/
4696,/jessiek/
4697,/ollybishop/
4698,/teenwoolf/
4699,/deljury/
4700,/jamesreivax/
4701,/jacobus24/
4702,/themoviebadger/
4703,/patrickprez/
4704,/martysflagon/
4705,/matthewpchen/
4706,/yaanu/
4707,/alteredcakes/
4708,/clutchcinema/
4709,/thiago85/
4710,/jerstonfilm/
4711,/nalbis/
4712,/hayleyelisa/
4713,/gracielamae/
4714,/jbayley/
4715,/pastormattr/
4716,/keeganwalker15/
4717,/jlighting/
4718,/criticalme/
4719,/l1ly_/
4720,/camimovies/
4721,/katierife/
4722,/svalbard/
4723,/mellowdanne/
4724,/hegon/
4725,/magnoliamoon/
4726,/jessiek/
4727,/ollybishop/
4728,/teenwoolf/
4729,/deljury/
4730,/jamesreivax/
4731,/jacobus24/
4732,/themoviebadger/
4733,/patrickprez/
4734,/martysflagon/
4735,/matthewpchen/
4736,/yaanu/
4737,/alteredcakes/
4738,/clutchcinema/
4739,/thiago85/
4740,/jerstonfilm/
4741,/nalbis/
4742,/hayleyelisa/
4743,/gracielamae/
4744,/jbayley/
4745,/pastormattr/
4746,/keeganwalker15/
4747,/jlighting/
4748,/criticalme/
4749,/l1ly_/
4750,/camimovies/
4751,/katierife/
4752,/svalbard/
4753,/mellowdanne/
4754,/hegon/
4755,/magnoliamoon/
4756,/jessiek/
4757,/ollybishop/
4758,/teenwoolf/
4759,/deljury/
4760,/jamesreivax/
4761,/jacobus24/
4762,/themoviebadger/
4763,/patrickprez/
4764,/martysflagon/
4765,/matthewpchen/
4766,/yaanu/
4767,/alteredcakes/
4768,/clutchcinema/
4769,/thiago85/
4770,/jerstonfilm/
4771,/nalbis/
4772,/hayleyelisa/
4773,/gracielamae/
4774,/jbayley/
4775,/pastormattr/
4776,/keeganwalker15/
4777,/jlighting/
4778,/criticalme/
4779,/l1ly_/
4780,/camimovies/
4781,/katierife/
4782,/svalbard/
4783,/mellowdanne/
4784,/hegon/
4785,/magnoliamoon/
4786,/jessiek/
4787,/ollybishop/
4788,/teenwoolf/
4789,/deljury/
4790,/jamesreivax/
4791,/jacobus24/
4792,/themoviebadger/
4793,/patrickprez/
4794,/martysflagon/
4795,/matthewpchen/
4796,/yaanu/
4797,/alteredcakes/
4798,/clutchcinema/
4799,/thiago85/
4800,/jerstonfilm/
4801,/nalbis/
4802,/hayleyelisa/
4803,/gracielamae/
4804,/jbayley/
4805,/pastormattr/
4806,/keeganwalker15/
4807,/jlighting/
4808,/criticalme/
4809,/l1ly_/
4810,/camimovies/
4811,/katierife/
4812,/svalbard/
4813,/mellowdanne/
4814,/hegon/
4815,/magnoliamoon/
4816,/jessiek/
4817,/ollybishop/
4818,/teenwoolf/
4819,/deljury/
4820,/jamesreivax/
4821,/jacobus24/
4822,/themoviebadger/
4823,/patrickprez/
4824,/martysflagon/
4825,/matthewpchen/
4826,/yaanu/
4827,/alteredcakes/
4828,/clutchcinema/
4829,/thiago85/
4830,/jerstonfilm/
4831,/nalbis/
4832,/hayleyelisa/
4833,/gracielamae/
4834,/jbayley/
4835,/pastormattr/
4836,/keeganwalker15/
4837,/jlighting/
4838,/criticalme/
4839,/l1ly_/
4840,/camimovies/
4841,/katierife/
4842,/svalbard/
4843,/mellowdanne/
4844,/hegon/
4845,/magnoliamoon/
4846,/jessiek/
4847,/ollybishop/
4848,/teenwoolf/
4849,/deljury/
4850,/jamesreivax/
4851,/jacobus24/
4852,/themoviebadger/
4853,/patrickprez/
4854,/martysflagon/
4855,/matthewpchen/
4856,/yaanu/
4857,/alteredcakes/
4858,/clutchcinema/
4859,/thiago85/
4860,/jerstonfilm/
4861,/nalbis/
4862,/hayleyelisa/
4863,/gracielamae/
4864,/jbayley/
4865,/pastormattr/
4866,/keeganwalker15/
4867,/jlighting/
4868,/criticalme/
4869,/l1ly_/
4870,/camimovies/
4871,/katierife/
4872,/svalbard/
4873,/mellowdanne/
4874,/hegon/
4875,/magnoliamoon/
4876,/jessiek/
4877,/ollybishop/
4878,/teenwoolf/
4879,/deljury/
4880,/jamesreivax/
4881,/jacobus24/
4882,/themoviebadger/
4883,/patrickprez/
4884,/martysflagon/
4885,/matthewpchen/
4886,/yaanu/
4887,/alteredcakes/
4888,/clutchcinema/
4889,/thiago85/
4890,/jerstonfilm/
4891,/nalbis/
4892,/hayleyelisa/
4893,/gracielamae/
4894,/jbayley/
4895,/pastormattr/
4896,/keeganwalker15/
4897,/jlighting/
4898,/criticalme/
4899,/l1ly_/
4900,/camimovies/
4901,/katierife/
4902,/svalbard/
4903,/mellowdanne/
4904,/hegon/
4905,/magnoliamoon/
4906,/jessiek/
4907,/ollybishop/
4908,/teenwoolf/
4909,/deljury/
4910,/jamesreivax/
4911,/jacobus24/
4912,/themoviebadger/
4913,/patrickprez/
4914,/martysflagon/
4915,/matthewpchen/
4916,/yaanu/
4917,/alteredcakes/
4918,/clutchcinema/
4919,/thiago85/
4920,/jerstonfilm/
4921,/nalbis/
4922,/hayleyelisa/
4923,/gracielamae/
4924,/jbayley/
4925,/pastormattr/
4926,/keeganwalker15/
4927,/jlighting/
4928,/criticalme/
4929,/l1ly_/
4930,/camimovies/
4931,/katierife/
4932,/svalbard/
4933,/mellowdanne/
4934,/hegon/
4935,/magnoliamoon/
4936,/jessiek/
4937,/ollybishop/
4938,/teenwoolf/
4939,/deljury/
4940,/jamesreivax/
4941,/jacobus24/
4942,/themoviebadger/
4943,/patrickprez/
4944,/martysflagon/
4945,/matthewpchen/
4946,/yaanu/
4947,/alteredcakes/
4948,/clutchcinema/
4949,/thiago85/
4950,/jerstonfilm/
4951,/nalbis/
4952,/hayleyelisa/
4953,/gracielamae/
4954,/jbayley/
4955,/pastormattr/
4956,/keeganwalker15/
4957,/jlighting/
4958,/criticalme/
4959,/l1ly_/
4960,/camimovies/
4961,/katierife/
4962,/svalbard/
4963,/mellowdanne/
4964,/hegon/
4965,/magnoliamoon/
4966,/jessiek/
4967,/ollybishop/
4968,/teenwoolf/
4969,/deljury/
4970,/jamesreivax/
4971,/jacobus24/
4972,/themoviebadger/
4973,/patrickprez/
4974,/martysflagon/
4975,/matthewpchen/
4976,/yaanu/
4977,/alteredcakes/
4978,/clutchcinema/
4979,/thiago85/
4980,/jerstonfilm/
4981,/nalbis/
4982,/hayleyelisa/
4983,/gracielamae/
4984,/jbayley/
4985,/pastormattr/
4986,/keeganwalker15/
4987,/jlighting/
4988,/criticalme/
4989,/l1ly_/
4990,/camimovies/
4991,/katierife/
4992,/svalbard/
4993,/mellowdanne/
4994,/hegon/
4995,/magnoliamoon/
4996,/jessiek/
4997,/ollybishop/
4998,/teenwoolf/
4999,/deljury/
5000,/jamesreivax/
5001,/jacobus24/
5002,/themoviebadger/
5003,/patrickprez/
5004,/martysflagon/
5005,/matthewpchen/
5006,/yaanu/
5007,/alteredcakes/
5008,/clutchcinema/
5009,/thiago85/
